websites,vendor,lead_time,product_category,product_type,collection,design_name,design_sku,variant_name,variant_type,sku,description,keywords,images,install_images,price,sale_unit,sale_quantity,minimum_quantity,style,color,substrate,backing,roll_width_inches,roll_length_yards,mural_width_inches,mural_height_inches,tile_width_inches,tile_height_inches,motif_width_inches,vertical_repeat_inches,repeat_match_type,printed_width_inches,weight,application,removability,washability,color_fastness,fire_rating,print_type,margin_trim,print_to_order
H,d-c-fix,2-3 weeks,Specialty,Contact Paper,Contact Paper,Matte - White,200-0100,Matte - White,Master,200-0100,,"solid, solid color, contact paper, self-adhesive",https://s3-us-west-2.amazonaws.com/astek-product-images/D-C-Fix_Contact_Paper/200-0100.jpg,https://s3-us-west-2.amazonaws.com/astek-product-images/D-C-Fix_Contact_Paper/200-0100_install.jpg,60.00,Roll,1,1,Contemporary,White,,Adhesive,17.72,16.4,,,,,,,,,4,Self-adhesive,Removable - Reusable,,,,,,
H,d-c-fix,2-3 weeks,Specialty,Contact Paper,Contact Paper,Matte - Sky Blue,200-0107,Matte - Sky Blue,Master,200-0107,,"solid, solid color, contact paper, self-adhesive",https://s3-us-west-2.amazonaws.com/astek-product-images/D-C-Fix_Contact_Paper/200-0107.jpg,https://s3-us-west-2.amazonaws.com/astek-product-images/D-C-Fix_Contact_Paper/200-0107_install.jpg,60.00,Roll,1,1,Contemporary,Blue,,Adhesive,17.72,16.4,,,,,,,,,4,Self-adhesive,Removable - Reusable,,,,,,
H,d-c-fix,2-3 weeks,Specialty,Contact Paper,Contact Paper,Matte - Deep Red,200-0108,Matte - Deep Red,Master,200-0108,,"solid, solid color, contact paper, self-adhesive",https://s3-us-west-2.amazonaws.com/astek-product-images/D-C-Fix_Contact_Paper/200-0108.jpg,,60.00,Roll,1,1,Contemporary,Red,,Adhesive,17.72,16.4,,,,,,,,,4,Self-adhesive,Removable - Reusable,,,,,,
H,d-c-fix,2-3 weeks,Specialty,Contact Paper,Contact Paper,Matte - Hunter Green,200-0109,Matte - Hunter Green,Master,200-0109,,"solid, solid color, contact paper, self-adhesive",https://s3-us-west-2.amazonaws.com/astek-product-images/D-C-Fix_Contact_Paper/200-0109.jpg,https://s3-us-west-2.amazonaws.com/astek-product-images/D-C-Fix_Contact_Paper/200-0109_install.jpg,60.00,Roll,1,1,Contemporary,Green,,Adhesive,17.72,16.4,,,,,,,,,4,Self-adhesive,Removable - Reusable,,,,,,
H,d-c-fix,2-3 weeks,Specialty,Contact Paper,Contact Paper,Matte - Black,200-0111,Matte - Black,Master,200-0111,,"solid, solid color, contact paper, self-adhesive",https://s3-us-west-2.amazonaws.com/astek-product-images/D-C-Fix_Contact_Paper/200-0111.jpg,https://s3-us-west-2.amazonaws.com/astek-product-images/D-C-Fix_Contact_Paper/200-0111_install.jpg,60.00,Roll,1,1,Contemporary,Black,,Adhesive,17.72,16.4,,,,,,,,,4,Self-adhesive,Removable - Reusable,,,,,,
H,d-c-fix,2-3 weeks,Specialty,Contact Paper,Contact Paper,Matte - Ceylon Yellow,200-0895,Matte - Ceylon Yellow,Master,200-0895,,"solid, solid color, contact paper, self-adhesive",https://s3-us-west-2.amazonaws.com/astek-product-images/D-C-Fix_Contact_Paper/200-0895.jpg,https://s3-us-west-2.amazonaws.com/astek-product-images/D-C-Fix_Contact_Paper/200-0895_install.jpg,60.00,Roll,1,1,Contemporary,Yellow,,Adhesive,17.72,16.4,,,,,,,,,4,Self-adhesive,Removable - Reusable,,,,,,
H,d-c-fix,2-3 weeks,Specialty,Contact Paper,Contact Paper,Matte - Royal Blue,200-0897,Matte - Royal Blue,Master,200-0897,,"solid, solid color, contact paper, self-adhesive",https://s3-us-west-2.amazonaws.com/astek-product-images/D-C-Fix_Contact_Paper/200-0897.jpg,https://s3-us-west-2.amazonaws.com/astek-product-images/D-C-Fix_Contact_Paper/200-0897_install.jpg,60.00,Roll,1,1,Contemporary,Blue,,Adhesive,17.72,16.4,,,,,,,,,4,Self-adhesive,Removable - Reusable,,,,,,
H,d-c-fix,2-3 weeks,Specialty,Contact Paper,Contact Paper,Matte - Vermilion,200-1268,Matte - Vermilion,Master,200-1268,,"solid, solid color, contact paper, self-adhesive",https://s3-us-west-2.amazonaws.com/astek-product-images/D-C-Fix_Contact_Paper/200-1268.jpg,https://s3-us-west-2.amazonaws.com/astek-product-images/D-C-Fix_Contact_Paper/200-1268_install.jpg,60.00,Roll,1,1,Contemporary,Red,,Adhesive,17.72,16.4,,,,,,,,,4,Self-adhesive,Removable - Reusable,,,,,,
H,d-c-fix,2-3 weeks,Specialty,Contact Paper,Contact Paper,Glossy - Black,200-1272,Glossy - Black,Master,200-1272,,"solid, solid color, contact paper, self-adhesive",https://s3-us-west-2.amazonaws.com/astek-product-images/D-C-Fix_Contact_Paper/200-1272.jpg,https://s3-us-west-2.amazonaws.com/astek-product-images/D-C-Fix_Contact_Paper/200-1272_install.jpg,60.00,Roll,1,1,Contemporary,Black,,Adhesive,17.72,16.4,,,,,,,,,4,Self-adhesive,Removable - Reusable,,,,,,
H,d-c-fix,2-3 weeks,Specialty,Contact Paper,Contact Paper,Glossy - White,200-1273,Glossy - White,Master,200-1273,,"solid, solid color, contact paper, self-adhesive",https://s3-us-west-2.amazonaws.com/astek-product-images/D-C-Fix_Contact_Paper/200-1273.jpg,https://s3-us-west-2.amazonaws.com/astek-product-images/D-C-Fix_Contact_Paper/200-1273_install.jpg,60.00,Roll,1,1,Contemporary,White,,Adhesive,17.72,16.4,,,,,,,,,4,Self-adhesive,Removable - Reusable,,,,,,
H,d-c-fix,2-3 weeks,Specialty,Contact Paper,Contact Paper,Glossy - Deep Red,200-1274,Glossy - Deep Red,Master,200-1274,,"solid, solid color, contact paper, self-adhesive",https://s3-us-west-2.amazonaws.com/astek-product-images/D-C-Fix_Contact_Paper/200-1274.jpg,https://s3-us-west-2.amazonaws.com/astek-product-images/D-C-Fix_Contact_Paper/200-1274_install.jpg,60.00,Roll,1,1,Contemporary,Red,,Adhesive,17.72,16.4,,,,,,,,,4,Self-adhesive,Removable - Reusable,,,,,,
H,d-c-fix,2-3 weeks,Specialty,Contact Paper,Contact Paper,Glossy - Golden Yellow,200-1276,Glossy - Golden Yellow,Master,200-1276,,"solid, solid color, contact paper, self-adhesive",https://s3-us-west-2.amazonaws.com/astek-product-images/D-C-Fix_Contact_Paper/200-1276.jpg,,60.00,Roll,1,1,Contemporary,"Yellow, Orange",,Adhesive,17.72,16.4,,,,,,,,,4,Self-adhesive,Removable - Reusable,,,,,,
H,d-c-fix,2-3 weeks,Specialty,Contact Paper,Contact Paper,Japanese Elm,200-1604,Japanese Elm,Master,200-1604,,"wood, wood grain, veneer",https://s3-us-west-2.amazonaws.com/astek-product-images/D-C-Fix_Contact_Paper/200-1604.jpg,,60.00,Roll,1,1,Faux Finish,Brown,,Adhesive,17.72,16.4,,,,,,,,,4,Self-adhesive,Removable - Reusable,,,,,,
H,d-c-fix,2-3 weeks,Specialty,Contact Paper,Contact Paper,Walnut,200-1682,Walnut,Master,200-1682,,"wood, wood grain, veneer",https://s3-us-west-2.amazonaws.com/astek-product-images/D-C-Fix_Contact_Paper/200-1682.jpg,,60.00,Roll,1,1,Faux Finish,Brown,,Adhesive,17.72,16.4,,,,,,,,,4,Self-adhesive,Removable - Reusable,,,,,,
H,d-c-fix,2-3 weeks,Specialty,Contact Paper,Contact Paper,Glossy - Royal Blue,200-1687,Glossy - Royal Blue,Master,200-1687,,"solid, solid color, contact paper, self-adhesive",https://s3-us-west-2.amazonaws.com/astek-product-images/D-C-Fix_Contact_Paper/200-1687.jpg,,60.00,Roll,1,1,Contemporary,Blue,,Adhesive,17.72,16.4,,,,,,,,,4,Self-adhesive,Removable - Reusable,,,,,,
H,d-c-fix,2-3 weeks,Specialty,Contact Paper,Contact Paper,Glossy - Slate Blue,200-1687,Glossy - Slate Blue,Master,200-1687,,"solid, solid color, contact paper, self-adhesive",https://s3-us-west-2.amazonaws.com/astek-product-images/D-C-Fix_Contact_Paper/200-1700.jpg,https://s3-us-west-2.amazonaws.com/astek-product-images/D-C-Fix_Contact_Paper/200-1700_install.jpg,60.00,Roll,1,1,Contemporary,Blue,,Adhesive,17.72,16.4,,,,,,,,,4,Self-adhesive,Removable - Reusable,,,,,,
H,d-c-fix,2-3 weeks,Specialty,Contact Paper,Contact Paper,Blackwood,200-1700,Blackwood,Master,200-1700,,"wood, wood grain, veneer",https://s3-us-west-2.amazonaws.com/astek-product-images/D-C-Fix_Contact_Paper/200-1728.jpg,https://s3-us-west-2.amazonaws.com/astek-product-images/D-C-Fix_Contact_Paper/200-1728_install.jpg,60.00,Roll,1,1,Faux Finish,"Brown, Black",,Adhesive,17.72,16.4,,,,,,,,,4,Self-adhesive,Removable - Reusable,,,,,,
H,d-c-fix,2-3 weeks,Specialty,Contact Paper,Contact Paper,Matte - Bordeaux,200-1829,Matte - Bordeaux,Master,200-1829,,"solid, solid color, contact paper, self-adhesive",https://s3-us-west-2.amazonaws.com/astek-product-images/D-C-Fix_Contact_Paper/200-1829.jpg,,60.00,Roll,1,1,Contemporary,Red,,Adhesive,17.72,16.4,,,,,,,,,4,Self-adhesive,Removable - Reusable,,,,,,
H,d-c-fix,2-3 weeks,Specialty,Contact Paper,Contact Paper,Walnut,200-1844,Walnut,Master,200-1844,,"wood, wood grain, veneer",https://s3-us-west-2.amazonaws.com/astek-product-images/D-C-Fix_Contact_Paper/200-1844.jpg,,60.00,Roll,1,1,Faux Finish,Brown,,Adhesive,17.72,16.4,,,,,,,,,4,Self-adhesive,Removable - Reusable,,,,,,
H,d-c-fix,2-3 weeks,Specialty,Contact Paper,Contact Paper,Whitewood,200-1899,Whitewood,Master,200-1899,,"wood, wood grain, vaneer, white washed",https://s3-us-west-2.amazonaws.com/astek-product-images/D-C-Fix_Contact_Paper/200-1899.jpg,https://s3-us-west-2.amazonaws.com/astek-product-images/D-C-Fix_Contact_Paper/200-1899_installs.jpg,60.00,Roll,1,1,Faux Finish,White,,Adhesive,17.72,16.4,,,,,,,,,4,Self-adhesive,Removable - Reusable,,,,,,
H,d-c-fix,2-3 weeks,Specialty,Contact Paper,Contact Paper,Leather - Gold Havana,200-1920,Leather - Gold Havana,Master,200-1920,,"leather, contact paper",https://s3-us-west-2.amazonaws.com/astek-product-images/D-C-Fix_Contact_Paper/200-1920.jpg,https://s3-us-west-2.amazonaws.com/astek-product-images/D-C-Fix_Contact_Paper/200-1920_install.jpg,60.00,Roll,1,1,Faux Finish,Brown,,Adhesive,17.72,16.4,,,,,,,,,4,Self-adhesive,Removable - Reusable,,,,,,
H,d-c-fix,2-3 weeks,Specialty,Contact Paper,Contact Paper,Leather - Black,200-1923,Leather - Black,Master,200-1923,,"leather, contact paper, luxury, luxe",https://s3-us-west-2.amazonaws.com/astek-product-images/D-C-Fix_Contact_Paper/200-1923.jpg,https://s3-us-west-2.amazonaws.com/astek-product-images/D-C-Fix_Contact_Paper/200-1923_install.jpg,60.00,Roll,1,1,Faux Finish,Black,,Adhesive,17.72,16.4,,,,,,,,,4,Self-adhesive,Removable - Reusable,,,,,,
H,d-c-fix,2-3 weeks,Specialty,Contact Paper,Contact Paper,Glossy - Purple,200-1974,Glossy - Purple,Master,200-1974,,"solid, solid color, contact paper, self-adhesive",https://s3-us-west-2.amazonaws.com/astek-product-images/D-C-Fix_Contact_Paper/200-1974.jpg,https://s3-us-west-2.amazonaws.com/astek-product-images/D-C-Fix_Contact_Paper/200-1974_install.jpg,60.00,Roll,1,1,Contemporary,Purple,,Adhesive,17.72,16.4,,,,,,,,,4,Self-adhesive,Removable - Reusable,,,,,,
H,d-c-fix,2-3 weeks,Specialty,Contact Paper,Contact Paper,Glossy - Light Grey,200-1987,Glossy -  Light Grey,Master,200-1987,,"solid, solid color, contact paper, self-adhesive",https://s3-us-west-2.amazonaws.com/astek-product-images/D-C-Fix_Contact_Paper/200-1987.jpg,,60.00,Roll,1,1,Contemporary,Grey,,Adhesive,17.72,16.4,,,,,,,,,4,Self-adhesive,Removable - Reusable,,,,,,
H,d-c-fix,2-3 weeks,Specialty,Contact Paper,Contact Paper,Glossy - Pink,200-1988,Glossy - Pink,Master,200-1988,,"solid, solid color, contact paper, self-adhesive",https://s3-us-west-2.amazonaws.com/astek-product-images/D-C-Fix_Contact_Paper/200-1988.jpg,https://s3-us-west-2.amazonaws.com/astek-product-images/D-C-Fix_Contact_Paper/200-1988_install.jpg,60.00,Roll,1,1,Contemporary,Pink,,Adhesive,17.72,16.4,,,,,,,,,4,Self-adhesive,Removable - Reusable,,,,,,
H,d-c-fix,2-3 weeks,Specialty,Contact Paper,Contact Paper,Glossy - Yellow,200-1989,Glossy - Yellow,Master,200-1989,,"solid, solid color, contact paper, self-adhesive",https://s3-us-west-2.amazonaws.com/astek-product-images/D-C-Fix_Contact_Paper/200-1989.jpg,https://s3-us-west-2.amazonaws.com/astek-product-images/D-C-Fix_Contact_Paper/200-1989_install.jpg,60.00,Roll,1,1,Contemporary,Yellow,,Adhesive,17.72,16.4,,,,,,,,,4,Self-adhesive,Removable - Reusable,,,,,,
H,d-c-fix,2-3 weeks,Specialty,Contact Paper,Contact Paper,Glossy - Light Blue,200-1993,Glossy - Light Blue,Master,200-1993,,"solid, solid color, contact paper, self-adhesive",https://s3-us-west-2.amazonaws.com/astek-product-images/D-C-Fix_Contact_Paper/200-1993.jpg,https://s3-us-west-2.amazonaws.com/astek-product-images/D-C-Fix_Contact_Paper/200-1993_install.jpg,60.00,Roll,1,1,Contemporary,Blue,,Adhesive,17.72,16.4,,,,,,,,,4,Self-adhesive,Removable - Reusable,,,,,,
H,d-c-fix,2-3 weeks,Specialty,Contact Paper,Contact Paper,Glossy - Sky Blue,200-1994,Glossy - Sky Blue,Master,200-1994,,"solid, solid color, contact paper, self-adhesive",https://s3-us-west-2.amazonaws.com/astek-product-images/D-C-Fix_Contact_Paper/200-1994.jpg,https://s3-us-west-2.amazonaws.com/astek-product-images/D-C-Fix_Contact_Paper/200-1994_install.jpg,60.00,Roll,1,1,Contemporary,Blue,,Adhesive,17.72,16.4,,,,,,,,,4,Self-adhesive,Removable - Reusable,,,,,,
H,d-c-fix,2-3 weeks,Specialty,Contact Paper,Contact Paper,Glossy - Green Apple,200-1995,Glossy - Green Apple,Master,200-1995,,"solid, solid color, contact paper, self-adhesive",https://s3-us-west-2.amazonaws.com/astek-product-images/D-C-Fix_Contact_Paper/200-1995.jpg,https://s3-us-west-2.amazonaws.com/astek-product-images/D-C-Fix_Contact_Paper/200-1995_install.jpg,60.00,Roll,1,1,Contemporary,Green,,Adhesive,17.72,16.4,,,,,,,,,4,Self-adhesive,Removable - Reusable,,,,,,
H,d-c-fix,2-3 weeks,Specialty,Contact Paper,Contact Paper,Matte - Grey,200-2019,Matte - Grey,Master,200-2019,,"solid, solid color, contact paper, self-adhesive",https://s3-us-west-2.amazonaws.com/astek-product-images/D-C-Fix_Contact_Paper/200-2000.jpg,,60.00,Roll,1,1,Contemporary,Grey,,Adhesive,17.72,16.4,,,,,,,,,4,Self-adhesive,Removable - Reusable,,,,,,
H,d-c-fix,2-3 weeks,Specialty,Contact Paper,Contact Paper,Matte - Light Grey,200-2020,Matte - Light Grey,Master,200-2020,,"solid, solid color, contact paper, self-adhesive",https://s3-us-west-2.amazonaws.com/astek-product-images/D-C-Fix_Contact_Paper/200-2002.jpg,,60.00,Roll,1,1,Contemporary,Grey,,Adhesive,17.72,16.4,,,,,,,,,4,Self-adhesive,Removable - Reusable,,,,,,
H,d-c-fix,2-3 weeks,Specialty,Contact Paper,Contact Paper,Pitti - Red,200-2058,Pitti - Red,Master,200-2058,,"fleur-de-lis, fleur-de-lys, french",https://s3-us-west-2.amazonaws.com/astek-product-images/D-C-Fix_Contact_Paper/200-2019.jpg,,60.00,Roll,1,1,Traditional,Red,,Adhesive,17.72,16.4,,,,,,,,,4,Self-adhesive,Removable - Reusable,,,,,,
H,d-c-fix,2-3 weeks,Specialty,Contact Paper,Contact Paper,Pitti - Brown,200-2060,Pitti - Brown,Master,200-2060,,"fleur-de-lis, fleur-de-lys, french",https://s3-us-west-2.amazonaws.com/astek-product-images/D-C-Fix_Contact_Paper/200-2020.jpg,https://s3-us-west-2.amazonaws.com/astek-product-images/D-C-Fix_Contact_Paper/200-2020_install.jpg,60.00,Roll,1,1,Traditional,Brown,,Adhesive,17.72,16.4,,,,,,,,,4,Self-adhesive,Removable - Reusable,,,,,,
H,d-c-fix,2-3 weeks,Specialty,Contact Paper,Contact Paper,Brick,200-2158,Brick,Master,200-2158,,"brick, stone, wall",https://s3-us-west-2.amazonaws.com/astek-product-images/D-C-Fix_Contact_Paper/200-2058.jpg,https://s3-us-west-2.amazonaws.com/astek-product-images/D-C-Fix_Contact_Paper/200-2058_install.jpg,60.00,Roll,1,1,Faux Finish,"Brown, Red",,Adhesive,17.72,16.4,,,,,,,,,4,Self-adhesive,Removable - Reusable,,,,,,
H,d-c-fix,2-3 weeks,Specialty,Contact Paper,Contact Paper,Textile - Brown,200-2162,Textile - Brown,Master,200-2162,,"textile, fabric, weave, woven",https://s3-us-west-2.amazonaws.com/astek-product-images/D-C-Fix_Contact_Paper/200-2060.jpg,,60.00,Roll,1,1,Faux Finish,"Beige, Neutral",,Adhesive,17.72,16.4,,,,,,,,,4,Self-adhesive,Removable - Reusable,,,,,,
H,d-c-fix,2-3 weeks,Specialty,Contact Paper,Contact Paper,Bright Oak,200-2163,Bright Oak,Master,200-2163,,"wood, wood grain, veneer",https://s3-us-west-2.amazonaws.com/astek-product-images/D-C-Fix_Contact_Paper/200-2158.jpg,,60.00,Roll,1,1,Faux Finish,Brown,,Adhesive,17.72,16.4,,,,,,,,,4,Self-adhesive,Removable - Reusable,,,,,,
H,d-c-fix,2-3 weeks,Specialty,Contact Paper,Contact Paper,Rustic Oak,200-2165,Rustic Oak,Master,200-2165,,"wood, wood grain, veneer",https://s3-us-west-2.amazonaws.com/astek-product-images/D-C-Fix_Contact_Paper/200-2162.jpg,,60.00,Roll,1,1,Faux Finish,Brown,,Adhesive,17.72,16.4,,,,,,,,,4,Self-adhesive,Removable - Reusable,,,,,,
H,d-c-fix,2-3 weeks,Specialty,Contact Paper,Contact Paper,Matte - Light Beige,200-2202,Matte - Light Beige,Master,200-2202,,"solid, solid color, contact paper, self-adhesive",https://s3-us-west-2.amazonaws.com/astek-product-images/D-C-Fix_Contact_Paper/200-2163.jpg,https://s3-us-west-2.amazonaws.com/astek-product-images/D-C-Fix_Contact_Paper/200-2163_install.jpg,60.00,Roll,1,1,Contemporary,Beige ,,Adhesive,17.72,16.4,,,,,,,,,4,Self-adhesive,Removable - Reusable,,,,,,
H,d-c-fix,2-3 weeks,Specialty,Contact Paper,Contact Paper,Glossy - Natural,200-2214,Glossy - Natural,Master,200-2214,,"solid, solid color, contact paper, self-adhesive",https://s3-us-west-2.amazonaws.com/astek-product-images/D-C-Fix_Contact_Paper/200-2214.jpg,https://s3-us-west-2.amazonaws.com/astek-product-images/D-C-Fix_Contact_Paper/200-2214_install.jpg,60.00,Roll,1,1,Contemporary,Cream,,Adhesive,17.72,16.4,,,,,,,,,4,Self-adhesive,Removable - Reusable,,,,,,
H,d-c-fix,2-3 weeks,Specialty,Contact Paper,Contact Paper,Japanese Oak,200-2223,Japanese Oak,Master,200-2223,,"wood, wood grain, veneer",https://s3-us-west-2.amazonaws.com/astek-product-images/D-C-Fix_Contact_Paper/200-2223.jpg,,60.00,Roll,1,1,Faux Finish,Brown,,Adhesive,17.72,16.4,,,,,,,,,4,Self-adhesive,Removable - Reusable,,,,,,
H,d-c-fix,2-3 weeks,Specialty,Contact Paper,Contact Paper,Dark Mahogany,200-2227,Dark Mahogany,Master,200-2227,,"wood, wood grain, veneer",https://s3-us-west-2.amazonaws.com/astek-product-images/D-C-Fix_Contact_Paper/200-2227.jpg,,60.00,Roll,1,1,Faux Finish,Brown,,Adhesive,17.72,16.4,,,,,,,,,4,Self-adhesive,Removable - Reusable,,,,,,
H,d-c-fix,2-3 weeks,Specialty,Contact Paper,Contact Paper,White Ash,200-2228,White Ash,Master,200-2228,,"wood, wood grain, veneer",https://s3-us-west-2.amazonaws.com/astek-product-images/D-C-Fix_Contact_Paper/200-2228.jpg,,60.00,Roll,1,1,Faux Finish,Off-White,,Adhesive,17.72,16.4,,,,,,,,,4,Self-adhesive,Removable - Reusable,,,,,,
H,d-c-fix,2-3 weeks,Specialty,Contact Paper,Contact Paper,Dark Maroon,200-2234,Dark Maroon,Master,200-2234,,"wood, wood grain, veneer",https://s3-us-west-2.amazonaws.com/astek-product-images/D-C-Fix_Contact_Paper/200-2234.jpg,,60.00,Roll,1,1,Faux Finish,Brown,,Adhesive,17.72,16.4,,,,,,,,,4,Self-adhesive,Removable - Reusable,,,,,,
H,d-c-fix,2-3 weeks,Specialty,Contact Paper,Contact Paper,Cottage Pine,200-2236,Cottage Pine,Master,200-2236,,"wood, wood grain, veneer",https://s3-us-west-2.amazonaws.com/astek-product-images/D-C-Fix_Contact_Paper/200-2236.jpg,,60.00,Roll,1,1,Faux Finish,Brown,,Adhesive,17.72,16.4,,,,,,,,,4,Self-adhesive,Removable - Reusable,,,,,,
H,d-c-fix,2-3 weeks,Specialty,Contact Paper,Contact Paper,Marble - White,200-2254,Marble - White,Master,200-2254,,"marble, stone, luxe",https://s3-us-west-2.amazonaws.com/astek-product-images/D-C-Fix_Contact_Paper/200-2254.jpg,https://s3-us-west-2.amazonaws.com/astek-product-images/D-C-Fix_Contact_Paper/200-2254_install.jpg,60.00,Roll,1,1,Faux Finish,"White, Off-White",,Adhesive,17.72,16.4,,,,,,,,,4,Self-adhesive,Removable - Reusable,,,,,,
H,d-c-fix,2-3 weeks,Specialty,Contact Paper,Contact Paper,Marble - Grey,200-2256,Marble - Grey,Master,200-2256,,"marble, stone, luxe",https://s3-us-west-2.amazonaws.com/astek-product-images/D-C-Fix_Contact_Paper/200-2256.jpg,https://s3-us-west-2.amazonaws.com/astek-product-images/D-C-Fix_Contact_Paper/200-2256_install.jpg,60.00,Roll,1,1,Faux Finish,"White, Off-White",,Adhesive,17.72,16.4,,,,,,,,,4,Self-adhesive,Removable - Reusable,,,,,,
H,d-c-fix,2-3 weeks,Specialty,Contact Paper,Contact Paper,Segovia,200-2262,Segovia,Master,200-2262,,"cork, faux",https://s3-us-west-2.amazonaws.com/astek-product-images/D-C-Fix_Contact_Paper/200-2262.jpg,,60.00,Roll,1,1,Faux Finish,Brown,,Adhesive,17.72,16.4,,,,,,,,,4,Self-adhesive,Removable - Reusable,,,,,,
H,d-c-fix,2-3 weeks,Specialty,Contact Paper,Contact Paper,Romantic,200-2403,Romantic,Master,200-2403,,"flower, floral, feminine, daisy",https://s3-us-west-2.amazonaws.com/astek-product-images/D-C-Fix_Contact_Paper/200-2403.jpg,,60.00,Roll,1,1,Botanical,Multi,,Adhesive,17.72,16.4,,,,,,,,,4,Self-adhesive,Removable - Reusable,,,,,,
H,d-c-fix,2-3 weeks,Specialty,Contact Paper,Contact Paper,Glossy - Green,200-2423,Glossy - Green,Master,200-2423,,"solid, solid color, contact paper, self-adhesive",https://s3-us-west-2.amazonaws.com/astek-product-images/D-C-Fix_Contact_Paper/200-2423.jpg,https://s3-us-west-2.amazonaws.com/astek-product-images/D-C-Fix_Contact_Paper/200-2423_install.jpg,60.00,Roll,1,1,Contemporary,Green,,Adhesive,17.72,16.4,,,,,,,,,4,Self-adhesive,Removable - Reusable,,,,,,
H,d-c-fix,2-3 weeks,Specialty,Contact Paper,Contact Paper,Cortes - Brown,200-2455,Cortes - Brown,Master,200-2455,,"marble, stone, luxe",https://s3-us-west-2.amazonaws.com/astek-product-images/D-C-Fix_Contact_Paper/200-2455.jpg,,60.00,Roll,1,1,Faux Finish,"Beige, White",,Adhesive,17.72,16.4,,,,,,,,,4,Self-adhesive,Removable - Reusable,,,,,,
H,d-c-fix,2-3 weeks,Specialty,Contact Paper,Contact Paper,Pitti - Green,200-2471,Pitti - Green,Master,200-2471,,"fleur-de-lis, fleur-de-lys, french",https://s3-us-west-2.amazonaws.com/astek-product-images/D-C-Fix_Contact_Paper/200-2471.jpg,,60.00,Roll,1,1,Traditional,Green,,Adhesive,17.72,16.4,,,,,,,,,4,Self-adhesive,Removable - Reusable,,,,,,
H,d-c-fix,2-3 weeks,Specialty,Contact Paper,Contact Paper,Sunflor,200-2494,Sunflor,Master,200-2494,,"flowers, floral, country",https://s3-us-west-2.amazonaws.com/astek-product-images/D-C-Fix_Contact_Paper/200-2494.jpg,https://s3-us-west-2.amazonaws.com/astek-product-images/D-C-Fix_Contact_Paper/200-2494_install.jpg,60.00,Roll,1,1,Botanical,Multi,,Adhesive,17.72,16.4,,,,,,,,,4,Self-adhesive,Removable - Reusable,,,,,,
H,d-c-fix,2-3 weeks,Specialty,Contact Paper,Contact Paper,Glossy - Emerald,200-2539,Glossy - Emerald,Master,200-2539,,"solid, solid color, contact paper, self-adhesive",https://s3-us-west-2.amazonaws.com/astek-product-images/D-C-Fix_Contact_Paper/200-2539.jpg,https://s3-us-west-2.amazonaws.com/astek-product-images/D-C-Fix_Contact_Paper/200-2539_install.jpg,60.00,Roll,1,1,Contemporary,Green,,Adhesive,17.72,16.4,,,,,,,,,4,Self-adhesive,Removable - Reusable,,,,,,
H,d-c-fix,2-3 weeks,Specialty,Contact Paper,Contact Paper,White Tile,200-2564,White Tile,Master,200-2564,,"tile, tiles, grid",https://s3-us-west-2.amazonaws.com/astek-product-images/D-C-Fix_Contact_Paper/200-2564.jpg,,60.00,Roll,1,1,Faux Finish,White,,Adhesive,17.72,16.4,,,,,,,,,4,Self-adhesive,Removable - Reusable,,,,,,
H,d-c-fix,2-3 weeks,Specialty,Contact Paper,Contact Paper,Monza,200-2565,Monza,Master,200-2565,,checkers,https://s3-us-west-2.amazonaws.com/astek-product-images/D-C-Fix_Contact_Paper/200-2565.jpg,https://s3-us-west-2.amazonaws.com/astek-product-images/D-C-Fix_Contact_Paper/200-2565_install.jpg,60.00,Roll,1,1,Geometric,Black and White,,Adhesive,17.72,16.4,,,,,,,,,4,Self-adhesive,Removable - Reusable,,,,,,
H,d-c-fix,2-3 weeks,Specialty,Contact Paper,Contact Paper,Porrinho - Beige,200-2573,Porrinho - Beige,Master,200-2573,,"marble, stone, tile",https://s3-us-west-2.amazonaws.com/astek-product-images/D-C-Fix_Contact_Paper/200-2573.jpg,,60.00,Roll,1,1,Faux Finish,"Neutral, Multi, Beige",,Adhesive,17.72,16.4,,,,,,,,,4,Self-adhesive,Removable - Reusable,,,,,,
H,d-c-fix,2-3 weeks,Specialty,Contact Paper,Contact Paper,Porrinho - Grey,200-2574,Porrinho - Grey,Master,200-2574,,"marble, stone, tile",https://s3-us-west-2.amazonaws.com/astek-product-images/D-C-Fix_Contact_Paper/200-2574.jpg,,60.00,Roll,1,1,Faux Finish,"Neutral, Multi, Grey",,Adhesive,17.72,16.4,,,,,,,,,4,Self-adhesive,Removable - Reusable,,,,,,
H,d-c-fix,2-3 weeks,Specialty,Contact Paper,Contact Paper,Sand - Light Grey,200-2592,Sand - Light Grey,Master,200-2592,,"stone, sand, faux, texture",https://s3-us-west-2.amazonaws.com/astek-product-images/D-C-Fix_Contact_Paper/200-2592.jpg,,60.00,Roll,1,1,Faux Finish,Grey,,Adhesive,17.72,16.4,,,,,,,,,4,Self-adhesive,Removable - Reusable,,,,,,
H,d-c-fix,2-3 weeks,Specialty,Contact Paper,Contact Paper,Sand - Beige,200-2594,Sand - Beige,Master,200-2594,,"stone, sand, faux, texture",https://s3-us-west-2.amazonaws.com/astek-product-images/D-C-Fix_Contact_Paper/200-2594.jpg,https://s3-us-west-2.amazonaws.com/astek-product-images/D-C-Fix_Contact_Paper/200-2594_install.jpg,60.00,Roll,1,1,Faux Finish,"Beige, Cream",,Adhesive,17.72,16.4,,,,,,,,,4,Self-adhesive,Removable - Reusable,,,,,,
H,d-c-fix,2-3 weeks,Specialty,Contact Paper,Contact Paper,Mother of Pearl,200-2602,Mother of Pearl,Master,200-2602,,"wood, wood grain, veneer",https://s3-us-west-2.amazonaws.com/astek-product-images/D-C-Fix_Contact_Paper/200-2602.jpg,,60.00,Roll,1,1,Faux Finish,"White, Off-White",,Adhesive,17.72,16.4,,,,,,,,,4,Self-adhesive,Removable - Reusable,,,,,,
H,d-c-fix,2-3 weeks,Specialty,Contact Paper,Contact Paper,Beech Planks,200-2608,Beech Planks,Master,200-2608,,"wood, wood grain, veneer",https://s3-us-west-2.amazonaws.com/astek-product-images/D-C-Fix_Contact_Paper/200-2608.jpg,,60.00,Roll,1,1,Faux Finish,Beige,,Adhesive,17.72,16.4,,,,,,,,,4,Self-adhesive,Removable - Reusable,,,,,,
H,d-c-fix,2-3 weeks,Specialty,Contact Paper,Contact Paper,Carrara - Grey,200-2614,Carrara - Grey,Master,200-2614,,"marble, stone, luxe",https://s3-us-west-2.amazonaws.com/astek-product-images/D-C-Fix_Contact_Paper/200-2614.jpg,https://s3-us-west-2.amazonaws.com/astek-product-images/D-C-Fix_Contact_Paper/200-2614_install.jpg,60.00,Roll,1,1,Faux Finish,"White, Off-White",,Adhesive,17.72,16.4,,,,,,,,,4,Self-adhesive,Removable - Reusable,,,,,,
H,d-c-fix,2-3 weeks,Specialty,Contact Paper,Contact Paper,Carrara - Beige,200-2615,Carrara - Beige,Master,200-2615,,"marble, stone, luxe",https://s3-us-west-2.amazonaws.com/astek-product-images/D-C-Fix_Contact_Paper/200-2615.jpg,,60.00,Roll,1,1,Faux Finish,Off-White,,Adhesive,17.72,16.4,,,,,,,,,4,Self-adhesive,Removable - Reusable,,,,,,
H,d-c-fix,2-3 weeks,Specialty,Contact Paper,Contact Paper,Beige Pot,200-2619,Beige Pot,Master,200-2619,,"kettle, stone, tile, tea pot, kitchen, country",https://s3-us-west-2.amazonaws.com/astek-product-images/D-C-Fix_Contact_Paper/200-2619.jpg,,60.00,Roll,1,1,"Traditional, Illustrative",Neutral,,Adhesive,17.72,16.4,,,,,,,,,4,Self-adhesive,Removable - Reusable,,,,,,
H,d-c-fix,2-3 weeks,Specialty,Contact Paper,Contact Paper,European Beech,200-2658,European Beech,Master,200-2658,,"wood, wood grain, veneer",https://s3-us-west-2.amazonaws.com/astek-product-images/D-C-Fix_Contact_Paper/200-2658.jpg,,60.00,Roll,1,1,Faux Finish,Brown,,Adhesive,17.72,16.4,,,,,,,,,4,Self-adhesive,Removable - Reusable,,,,,,
H,d-c-fix,2-3 weeks,Specialty,Contact Paper,Contact Paper,Maple,200-2660,Maple,Master,200-2660,,"wood, wood grain, veneer",https://s3-us-west-2.amazonaws.com/astek-product-images/D-C-Fix_Contact_Paper/200-2660.jpg,https://s3-us-west-2.amazonaws.com/astek-product-images/D-C-Fix_Contact_Paper/200-2660_install.jpg,60.00,Roll,1,1,Faux Finish,Beige,,Adhesive,17.72,16.4,,,,,,,,,4,Self-adhesive,Removable - Reusable,,,,,,
H,d-c-fix,2-3 weeks,Specialty,Contact Paper,Contact Paper,Marble - Black and White,200-2713,Marble - Black and White,Master,200-2713,,"marble, stone, luxe",https://s3-us-west-2.amazonaws.com/astek-product-images/D-C-Fix_Contact_Paper/200-2713.jpg,,60.00,Roll,1,1,Faux Finish,Black,,Adhesive,17.72,16.4,,,,,,,,,4,Self-adhesive,Removable - Reusable,,,,,,
H,d-c-fix,2-3 weeks,Specialty,Contact Paper,Contact Paper,Whitewood - Matte,200-2741,Whitewood - Matte,Master,200-2741,,"wood, wood grain, veneer, whitewashed",https://s3-us-west-2.amazonaws.com/astek-product-images/D-C-Fix_Contact_Paper/200-2741.jpg,,60.00,Roll,1,1,Faux Finish,"White, Off-White",,Adhesive,17.72,16.4,,,,,,,,,4,Self-adhesive,Removable - Reusable,,,,,,
H,d-c-fix,2-3 weeks,Specialty,Contact Paper,Contact Paper,Pitti - Blue,200-2756,Pitti - Blue,Master,200-2756,,"fleur-de-lis, fleur-de-lys, french",https://s3-us-west-2.amazonaws.com/astek-product-images/D-C-Fix_Contact_Paper/200-2756.jpg,,60.00,Roll,1,1,Traditional,"Blue, Cream",,Adhesive,17.72,16.4,,,,,,,,,4,Self-adhesive,Removable - Reusable,,,,,,
H,d-c-fix,2-3 weeks,Specialty,Contact Paper,Contact Paper,Vichy - Blue,200-2805,Vichy - Blue,Master,200-2805,,"checked, gingham",https://s3-us-west-2.amazonaws.com/astek-product-images/D-C-Fix_Contact_Paper/200-2805.jpg,https://s3-us-west-2.amazonaws.com/astek-product-images/D-C-Fix_Contact_Paper/200-2805_install.jpg,60.00,Roll,1,1,Stripes + Plaids,Blue,,Adhesive,17.72,16.4,,,,,,,,,4,Self-adhesive,Removable - Reusable,,,,,,
H,d-c-fix,2-3 weeks,Specialty,Contact Paper,Contact Paper,Rustic,200-2813,Rustic,Master,200-2813,,"wood, wood grain, veneer",https://s3-us-west-2.amazonaws.com/astek-product-images/D-C-Fix_Contact_Paper/200-2813.jpg,https://s3-us-west-2.amazonaws.com/astek-product-images/D-C-Fix_Contact_Paper/200-2813_install.jpg,60.00,Roll,1,1,Faux Finish,Brown,,Adhesive,17.72,16.4,,,,,,,,,4,Self-adhesive,Removable - Reusable,,,,,,
H,d-c-fix,2-3 weeks,Specialty,Contact Paper,Contact Paper,Beech,200-2816,Beech,Master,200-2816,,"wood, wood grain, veneer",https://s3-us-west-2.amazonaws.com/astek-product-images/D-C-Fix_Contact_Paper/200-2816.jpg,https://s3-us-west-2.amazonaws.com/astek-product-images/D-C-Fix_Contact_Paper/200-2816_install.jpg,60.00,Roll,1,1,Faux Finish,Beige,,Adhesive,17.72,16.4,,,,,,,,,4,Self-adhesive,Removable - Reusable,,,,,,
H,d-c-fix,2-3 weeks,Specialty,Contact Paper,Contact Paper,Glossy - Maroon,200-2818,Glossy - Maroon,Master,200-2818,,"solid, solid color, contact paper, self-adhesive",https://s3-us-west-2.amazonaws.com/astek-product-images/D-C-Fix_Contact_Paper/200-2818.jpg,,60.00,Roll,1,1,Contemporary,Brown,,Adhesive,17.72,16.4,,,,,,,,,4,Self-adhesive,Removable - Reusable,,,,,,
H,d-c-fix,2-3 weeks,Specialty,Contact Paper,Contact Paper,Leather - White,200-2840,Leather - White,Master,200-2840,,"leather, contact paper, luxury, luxe",https://s3-us-west-2.amazonaws.com/astek-product-images/D-C-Fix_Contact_Paper/200-2840.jpg,https://s3-us-west-2.amazonaws.com/astek-product-images/D-C-Fix_Contact_Paper/200-2840_install.jpg,60.00,Roll,1,1,Faux Finish,White,,Adhesive,17.72,16.4,,,,,,,,,4,Self-adhesive,Removable - Reusable,,,,,,
H,d-c-fix,2-3 weeks,Specialty,Contact Paper,Contact Paper,Textile - Natural,200-2850,Textile - Natural,Master,200-2850,,"textile, fabric, weave, woven",https://s3-us-west-2.amazonaws.com/astek-product-images/D-C-Fix_Contact_Paper/200-2850.jpg,,60.00,Roll,1,1,Faux Finish,Off-White,,Adhesive,17.72,16.4,,,,,,,,,4,Self-adhesive,Removable - Reusable,,,,,,
H,d-c-fix,2-3 weeks,Specialty,Contact Paper,Contact Paper,Birch,200-2875,Birch,Master,200-2875,,"wood, wood grain, veneer",https://s3-us-west-2.amazonaws.com/astek-product-images/D-C-Fix_Contact_Paper/200-2875.jpg,,60.00,Roll,1,1,Faux Finish,"Beige, Cream",,Adhesive,17.72,16.4,,,,,,,,,4,Self-adhesive,Removable - Reusable,,,,,,
H,d-c-fix,2-3 weeks,Specialty,Contact Paper,Contact Paper,Glossy - Orange,200-2878,Glossy - Orange,Master,200-2878,,"solid, solid color, contact paper, self-adhesive",https://s3-us-west-2.amazonaws.com/astek-product-images/D-C-Fix_Contact_Paper/200-2878.jpg,https://s3-us-west-2.amazonaws.com/astek-product-images/D-C-Fix_Contact_Paper/200-2878_install.jpg,60.00,Roll,1,1,Contemporary,Orange,,Adhesive,17.72,16.4,,,,,,,,,4,Self-adhesive,Removable - Reusable,,,,,,
H,d-c-fix,2-3 weeks,Specialty,Contact Paper,Contact Paper,Glossy - Red,200-2879,Glossy - Red,Master,200-2879,,"solid, solid color, contact paper, self-adhesive",https://s3-us-west-2.amazonaws.com/astek-product-images/D-C-Fix_Contact_Paper/200-2879.jpg,,60.00,Roll,1,1,Contemporary,Orange,,Adhesive,17.72,16.4,,,,,,,,,4,Self-adhesive,Removable - Reusable,,,,,,
H,d-c-fix,2-3 weeks,Specialty,Contact Paper,Contact Paper,Glossy - Vermillon,200-2880,Glossy - Vermillion,Master,200-2880,,"solid, solid color, contact paper, self-adhesive",https://s3-us-west-2.amazonaws.com/astek-product-images/D-C-Fix_Contact_Paper/200-2880.jpg,,60.00,Roll,1,1,Contemporary,Orange,,Adhesive,17.72,16.4,,,,,,,,,4,Self-adhesive,Removable - Reusable,,,,,,
H,d-c-fix,2-3 weeks,Specialty,Contact Paper,Contact Paper,Glossy - Magenta,200-2883,Glossy - Magenta,Master,200-2883,,"solid, solid color, contact paper, self-adhesive",https://s3-us-west-2.amazonaws.com/astek-product-images/D-C-Fix_Contact_Paper/200-2883.jpg,https://s3-us-west-2.amazonaws.com/astek-product-images/D-C-Fix_Contact_Paper/200-2883_install.jpg,60.00,Roll,1,1,Contemporary,Pink,,Adhesive,17.72,16.4,,,,,,,,,4,Self-adhesive,Removable - Reusable,,,,,,
H,d-c-fix,2-3 weeks,Specialty,Contact Paper,Contact Paper,Glossy - Grey,200-2885,Glossy - Grey,Master,200-2885,,"solid, solid color, contact paper, self-adhesive",https://s3-us-west-2.amazonaws.com/astek-product-images/D-C-Fix_Contact_Paper/200-2885.jpg,,60.00,Roll,1,1,Contemporary,Grey,,Adhesive,17.72,16.4,,,,,,,,,4,Self-adhesive,Removable - Reusable,,,,,,
H,d-c-fix,2-3 weeks,Specialty,Contact Paper,Contact Paper,Glossy - Blue,200-2887,Glossy - Blue,Master,200-2887,,"solid, solid color, contact paper, self-adhesive",https://s3-us-west-2.amazonaws.com/astek-product-images/D-C-Fix_Contact_Paper/200-2887.jpg,,60.00,Roll,1,1,Contemporary,Blue,,Adhesive,17.72,16.4,,,,,,,,,4,Self-adhesive,Removable - Reusable,,,,,,
H,d-c-fix,2-3 weeks,Specialty,Contact Paper,Contact Paper,Matte - Green Apple,200-2901,Matte - Green Apple,Master,200-2901,,"solid, solid color, contact paper, self-adhesive",https://s3-us-west-2.amazonaws.com/astek-product-images/D-C-Fix_Contact_Paper/200-2901.jpg,,60.00,Roll,1,1,Contemporary,Green,,Adhesive,17.72,16.4,,,,,,,,,4,Self-adhesive,Removable - Reusable,,,,,,
H,d-c-fix,2-3 weeks,Specialty,Contact Paper,Contact Paper,Erie Medium,200-2904,Erie Medium,Master,200-2904,,"wood, wood grain, vaneer",https://s3-us-west-2.amazonaws.com/astek-product-images/D-C-Fix_Contact_Paper/200-2904.jpg,,60.00,Roll,1,1,Faux Finish,Brown,,Adhesive,17.72,16.4,,,,,,,,,4,Self-adhesive,Removable - Reusable,,,,,,
H,d-c-fix,2-3 weeks,Specialty,Contact Paper,Contact Paper,Erie Bright,200-2906,Erie Bright,Master,200-2906,,"wood, wood grain, vaneer, blonde",https://s3-us-west-2.amazonaws.com/astek-product-images/D-C-Fix_Contact_Paper/200-2906.jpg,,60.00,Roll,1,1,Faux Finish,Brown ,,Adhesive,17.72,16.4,,,,,,,,,4,Self-adhesive,Removable - Reusable,,,,,,
H,d-c-fix,2-3 weeks,Specialty,Contact Paper,Contact Paper,Butterflies,200-2940,Butterflies,Master,200-2940,,"butterfly, insect, bug, wings, colorful",https://s3-us-west-2.amazonaws.com/astek-product-images/D-C-Fix_Contact_Paper/200-2940.jpg,https://s3-us-west-2.amazonaws.com/astek-product-images/D-C-Fix_Contact_Paper/200-2940_install.jpg,60.00,Roll,1,1,"Children's, Animalia, Illustrative",Multi,,Adhesive,17.72,16.4,,,,,,,,,4,Self-adhesive,Removable - Reusable,,,,,,
H,d-c-fix,2-3 weeks,Specialty,Contact Paper,Contact Paper,Vichy - Rose,200-2941,Vichy - Rose,Master,200-2941,,"checked, gingham",https://s3-us-west-2.amazonaws.com/astek-product-images/D-C-Fix_Contact_Paper/200-2941.jpg,https://s3-us-west-2.amazonaws.com/astek-product-images/D-C-Fix_Contact_Paper/200-2941_install.jpg,60.00,Roll,1,1,Stripes + Plaids,Red,,Adhesive,17.72,16.4,,,,,,,,,4,Self-adhesive,Removable - Reusable,,,,,,
H,d-c-fix,2-3 weeks,Specialty,Contact Paper,Contact Paper,Calvados,200-2986,Calvados,Master,200-2986,,"wood, wood grain, veneer",https://s3-us-west-2.amazonaws.com/astek-product-images/D-C-Fix_Contact_Paper/200-2986.jpg,,60.00,Roll,1,1,Faux Finish,Brown,,Adhesive,17.72,16.4,,,,,,,,,4,Self-adhesive,Removable - Reusable,,,,,,
H,d-c-fix,2-3 weeks,Specialty,Contact Paper,Contact Paper,Becky,200-3038,Becky,Master,200-3038,,"marble, stone, tile",https://s3-us-west-2.amazonaws.com/astek-product-images/D-C-Fix_Contact_Paper/200-3038.jpg,https://s3-us-west-2.amazonaws.com/astek-product-images/D-C-Fix_Contact_Paper/200-3038_install.jpg,60.00,Roll,1,1,Faux Finish,Brown,,Adhesive,17.72,16.4,,,,,,,,,4,Self-adhesive,Removable - Reusable,,,,,,
H,d-c-fix,2-3 weeks,Specialty,Contact Paper,Contact Paper,Firewood,200-3097,Firewood,Master,200-3097,,"wood, logs, wooden, firewood, rustic, cabin",https://s3-us-west-2.amazonaws.com/astek-product-images/D-C-Fix_Contact_Paper/200-3097.jpg,https://s3-us-west-2.amazonaws.com/astek-product-images/D-C-Fix_Contact_Paper/200-3097_install.jpg,60.00,Roll,1,1,Faux Finish,Brown,,Adhesive,17.72,16.4,,,,,,,,,4,Self-adhesive,Removable - Reusable,,,,,,
H,d-c-fix,2-3 weeks,Specialty,Contact Paper,Contact Paper,Baroque,200-3098,Baroque,Master,200-3098,,"flower, floral, modern",https://s3-us-west-2.amazonaws.com/astek-product-images/D-C-Fix_Contact_Paper/200-3098.jpg,https://s3-us-west-2.amazonaws.com/astek-product-images/D-C-Fix_Contact_Paper/200-3098_install.jpg,60.00,Roll,1,1,Botanical,Black and White,,Adhesive,17.72,16.4,,,,,,,,,4,Self-adhesive,Removable - Reusable,,,,,,
H,d-c-fix,2-3 weeks,Specialty,Contact Paper,Contact Paper,Shanghai,200-3115,Shanghai,Master,200-3115,,"grasscloth, natural, woven",https://s3-us-west-2.amazonaws.com/astek-product-images/D-C-Fix_Contact_Paper/200-3115.jpg,https://s3-us-west-2.amazonaws.com/astek-product-images/D-C-Fix_Contact_Paper/200-3115_install.jpg,60.00,Roll,1,1,Faux Finish,Brown,,Adhesive,17.72,16.4,,,,,,,,,4,Self-adhesive,Removable - Reusable,,,,,,
H,d-c-fix,2-3 weeks,Specialty,Contact Paper,Contact Paper,Opaco Pianetra,200-3126,Opaco Pianetra,Master,200-3126,,"mosaic, tile, stone",https://s3-us-west-2.amazonaws.com/astek-product-images/D-C-Fix_Contact_Paper/200-3126.jpg,https://s3-us-west-2.amazonaws.com/astek-product-images/D-C-Fix_Contact_Paper/200-3126_install.jpg,60.00,Roll,1,1,Faux Finish,Multi,,Adhesive,17.72,16.4,,,,,,,,,4,Self-adhesive,Removable - Reusable,,,,,,
H,d-c-fix,2-3 weeks,Specialty,Contact Paper,Contact Paper,Aragon,200-3154,Aragon,Master,200-3154,,"wood, cork, veneer, distressed",https://s3-us-west-2.amazonaws.com/astek-product-images/D-C-Fix_Contact_Paper/200-3154.jpg,,60.00,Roll,1,1,Faux Finish,Brown,,Adhesive,17.72,16.4,,,,,,,,,4,Self-adhesive,Removable - Reusable,,,,,,
H,d-c-fix,2-3 weeks,Specialty,Contact Paper,Contact Paper,Bahia,200-3177,Bahia,Master,200-3177,,"wood, colorful, weathered, distressed",https://s3-us-west-2.amazonaws.com/astek-product-images/D-C-Fix_Contact_Paper/200-3177.jpg,https://s3-us-west-2.amazonaws.com/astek-product-images/D-C-Fix_Contact_Paper/200-3177_install.jpg,60.00,Roll,1,1,Faux Finish,Multi ,,Adhesive,17.72,16.4,,,,,,,,,4,Self-adhesive,Removable - Reusable,,,,,,
H,d-c-fix,2-3 weeks,Specialty,Contact Paper,Contact Paper,Avellino - Concrete,200-3182,Avellino - Concrete,Master,200-3182,,"stone, cement, urban",https://s3-us-west-2.amazonaws.com/astek-product-images/D-C-Fix_Contact_Paper/200-3182.jpg,https://s3-us-west-2.amazonaws.com/astek-product-images/D-C-Fix_Contact_Paper/200-3182_install.jpg,60.00,Roll,1,1,Faux Finish,"Grey, Black",,Adhesive,17.72,16.4,,,,,,,,,4,Self-adhesive,Removable - Reusable,,,,,,
H,d-c-fix,2-3 weeks,Specialty,Contact Paper,Contact Paper,Sheffield Oak - Pearl Grey,200-3186,Sheffield Oak - Pearl Grey,Master,200-3186,,"wood, wood grain, veneer",https://s3-us-west-2.amazonaws.com/astek-product-images/D-C-Fix_Contact_Paper/200-3186.jpg,https://s3-us-west-2.amazonaws.com/astek-product-images/D-C-Fix_Contact_Paper/200-3186_install.jpg,60.00,Roll,1,1,Faux Finish,Grey,,Adhesive,17.72,16.4,,,,,,,,,4,Self-adhesive,Removable - Reusable,,,,,,
H,d-c-fix,2-3 weeks,Specialty,Contact Paper,Contact Paper,Santana Oak,200-3188,Santana Oak,Master,200-3188,,"wood, wood grain, veneer",https://s3-us-west-2.amazonaws.com/astek-product-images/D-C-Fix_Contact_Paper/200-3188.jpg,https://s3-us-west-2.amazonaws.com/astek-product-images/D-C-Fix_Contact_Paper/200-3188_install.jpg,60.00,Roll,1,1,Faux Finish,"Neutral, Beige",,Adhesive,17.72,16.4,,,,,,,,,4,Self-adhesive,Removable - Reusable,,,,,,
H,d-c-fix,2-3 weeks,Specialty,Contact Paper,Contact Paper,Sheffield Oak - Umbra,200-3189,Sheffield Oak - Umbra,Master,200-3189,,"wood, wood grain, veneer",https://s3-us-west-2.amazonaws.com/astek-product-images/D-C-Fix_Contact_Paper/200-3189.jpg,https://s3-us-west-2.amazonaws.com/astek-product-images/D-C-Fix_Contact_Paper/200-3189_install.jpg,60.00,Roll,1,1,Faux Finish,Black,,Adhesive,17.72,16.4,,,,,,,,,4,Self-adhesive,Removable - Reusable,,,,,,
H,d-c-fix,2-3 weeks,Specialty,Contact Paper,Contact Paper,Sheffield Oak,200-3190,Sheffield Oak,Master,200-3190,,"wood, wood grain, veneer",https://s3-us-west-2.amazonaws.com/astek-product-images/D-C-Fix_Contact_Paper/200-3190.jpg,https://s3-us-west-2.amazonaws.com/astek-product-images/D-C-Fix_Contact_Paper/200-3190_install.jpg,60.00,Roll,1,1,Faux Finish,Brown,,Adhesive,17.72,16.4,,,,,,,,,4,Self-adhesive,Removable - Reusable,,,,,,
H,d-c-fix,2-3 weeks,Specialty,Contact Paper,Contact Paper,Wood,200-3197,Wood,Master,200-3197,,"tree, aspen, forest",https://s3-us-west-2.amazonaws.com/astek-product-images/D-C-Fix_Contact_Paper/200-3197.jpg,https://s3-us-west-2.amazonaws.com/astek-product-images/D-C-Fix_Contact_Paper/200-3197_install.jpg,60,Roll,1,1,Faux Finish,Black and White,,Adhesive,17.72,16.4,,,,,,,,,,Self-adhesive,Removable - Reusable,,,,,,
H,d-c-fix,2-3 weeks,Specialty,Contact Paper,Contact Paper,Sonoma Oak - Truffle,200-3199,Sonoma Oak - Truffle,Master,200-3199,,"wood, wood grain, veneer",https://s3-us-west-2.amazonaws.com/astek-product-images/D-C-Fix_Contact_Paper/200-3199.jpg,https://s3-us-west-2.amazonaws.com/astek-product-images/D-C-Fix_Contact_Paper/200-3199_install.jpg,60.00,Roll,1,1,Faux Finish,Brown,,Adhesive,17.72,16.4,,,,,,,,,4,Self-adhesive,Removable - Reusable,,,,,,
H,d-c-fix,2-3 weeks,Specialty,Contact Paper,Contact Paper,Aurora,200-3206,Aurora,Master,200-3206,,"lace, floral, doily",https://s3-us-west-2.amazonaws.com/astek-product-images/D-C-Fix_Contact_Paper/200-3206.jpg,https://s3-us-west-2.amazonaws.com/astek-product-images/D-C-Fix_Contact_Paper/200-3206_install.jpg,60.00,Roll,1,1,Traditional,"Grey, Multi",,Adhesive,17.72,16.4,,,,,,,,,4,Self-adhesive,Removable - Reusable,,,,,,
H,d-c-fix,2-3 weeks,Specialty,Contact Paper,Contact Paper,Rosendale,200-3211,Rosendale,Master,200-3211,,"floral, rose, romantic, rosebud, flower, pastel",https://s3-us-west-2.amazonaws.com/astek-product-images/D-C-Fix_Contact_Paper/200-3211.jpg,https://s3-us-west-2.amazonaws.com/astek-product-images/D-C-Fix_Contact_Paper/200-3211_install.jpg,60.00,Roll,1,1,Botanical,"Pink, Orange, Multi",,Adhesive,17.72,16.4,,,,,,,,,4,Self-adhesive,Removable - Reusable,,,,,,
H,d-c-fix,2-3 weeks,Specialty,Contact Paper,Contact Paper,Glossy - Magnolia,200-3215,Glossy - Magnolia,Master,200-3215,,"solid, solid color, self-adhesive",https://s3-us-west-2.amazonaws.com/astek-product-images/D-C-Fix_Contact_Paper/200-3215.jpg,https://s3-us-west-2.amazonaws.com/astek-product-images/D-C-Fix_Contact_Paper/200-3215_install.jpg,60.00,Roll,1,1,Contemporary,White,,Adhesive,17.72,16.4,,,,,,,,,4,Self-adhesive,Removable - Reusable,,,,,,
H,d-c-fix,2-3 weeks,Specialty,Contact Paper,Contact Paper,Paternoster,200-3216,Paternoster,Master,200-3216,,"wood, wood grain, veneer",https://s3-us-west-2.amazonaws.com/astek-product-images/D-C-Fix_Contact_Paper/200-3216.jpg,https://s3-us-west-2.amazonaws.com/astek-product-images/D-C-Fix_Contact_Paper/200-3216_install.jpg,60,Roll,1,1,Faux Finish,Neutral,,Adhesive,17.72,16.4,,,,,,,,,,Self-adhesive,Removable - Reusable,,,,,,
H,d-c-fix,2-3 weeks,Specialty,Contact Paper,Contact Paper,Sonoma Oak - Sepia,200-3217,Sonoma Oak - Sepia,Master,200-3217,,"wood, wood grain, veneer, natural",https://s3-us-west-2.amazonaws.com/astek-product-images/D-C-Fix_Contact_Paper/200-3217.jpg,https://s3-us-west-2.amazonaws.com/astek-product-images/D-C-Fix_Contact_Paper/200-3217_install.jpg,60.00,Roll,1,1,Faux Finish,Brown,,Adhesive,17.72,16.4,,,,,,,,,4,Self-adhesive,Removable - Reusable,,,,,,
H,d-c-fix,2-3 weeks,Specialty,Contact Paper,Contact Paper,Sonoma Oak,200-3218,Sonoma Oak,Master,200-3218,,"wood, wood grain, veneer, rustic",https://s3-us-west-2.amazonaws.com/astek-product-images/D-C-Fix_Contact_Paper/200-3218.jpg,,60.00,Roll,1,1,Faux Finish,Brown,,Adhesive,17.72,16.4,,,,,,,,,4,Self-adhesive,Removable - Reusable,,,,,,
H,d-c-fix,2-3 weeks,Specialty,Contact Paper,Contact Paper,Celina,200-3224,Celina,Master,200-3224,,"dancing, girls, ballet, ballerina, kids",https://s3-us-west-2.amazonaws.com/astek-product-images/D-C-Fix_Contact_Paper/200-3224.jpg,,60.00,Roll,1,1,Children's,"Pink, Multi",,Adhesive,17.72,16.4,,,,,,,,,4,Self-adhesive,Removable - Reusable,,,,,,
H,d-c-fix,2-3 weeks,Specialty,Contact Paper,Contact Paper,Dover,200-3226,Dover,Master,200-3226,,"nostalgia, collage, photograph, scrap book,",https://s3-us-west-2.amazonaws.com/astek-product-images/D-C-Fix_Contact_Paper/200-3226.jpg,,60.00,Roll,1,1,Contemporary,Multi,,Adhesive,17.72,16.4,,,,,,,,,4,Self-adhesive,Removable - Reusable,,,,,,
H,d-c-fix,2-3 weeks,Specialty,Contact Paper,Contact Paper,Rio,200-3228,Rio,Master,200-3228,,"wood, wood grain, veneer, pastel, beach, plank, wood plank, worn, rustic",https://s3-us-west-2.amazonaws.com/astek-product-images/D-C-Fix_Contact_Paper/200-3228.jpg,https://s3-us-west-2.amazonaws.com/astek-product-images/D-C-Fix_Contact_Paper/200-3228_install.jpg,60.00,Roll,1,1,Faux Finish,Multi,,Adhesive,17.72,16.4,,,,,,,,,4,Self-adhesive,Removable - Reusable,,,,,,
H,d-c-fix,2-3 weeks,Specialty,Contact Paper,Contact Paper,Sanremo Oak,200-3230,Sanremo Oak,Master,200-3230,,"wood, wood grain, veneer, natural, weathered",https://s3-us-west-2.amazonaws.com/astek-product-images/D-C-Fix_Contact_Paper/200-3230.jpg,https://s3-us-west-2.amazonaws.com/astek-product-images/D-C-Fix_Contact_Paper/200-3230_install.jpg,60.00,Roll,1,1,Faux Finish,Brown,,Adhesive,17.72,16.4,,,,,,,,,4,Self-adhesive,Removable - Reusable,,,,,,
H,d-c-fix,2-3 weeks,Specialty,Contact Paper,Contact Paper,Jack,200-3233,Jack,Master,200-3233,,"pirate, sea, oceanic, treasure map",https://s3-us-west-2.amazonaws.com/astek-product-images/D-C-Fix_Contact_Paper/200-3233.jpg,https://s3-us-west-2.amazonaws.com/astek-product-images/D-C-Fix_Contact_Paper/200-3233_install.jpg,60.00,Roll,1,1,Children's,"Blue, Multi",,Adhesive,17.72,16.4,,,,,,,,,4,Self-adhesive,Removable - Reusable,,,,,,
H,d-c-fix,2-3 weeks,Specialty,Contact Paper,Contact Paper,Manhattan,200-3234,Manhattan,Master,200-3234,,"collage, broadway, brooklyn, manhattan, nyc, new york",https://s3-us-west-2.amazonaws.com/astek-product-images/D-C-Fix_Contact_Paper/200-3234.jpg,https://s3-us-west-2.amazonaws.com/astek-product-images/D-C-Fix_Contact_Paper/200-3234_install.jpg,60.00,Roll,1,1,Contemporary,Multi,,Adhesive,17.72,16.4,,,,,,,,,4,Self-adhesive,Removable - Reusable,,,,,,
H,d-c-fix,2-3 weeks,Specialty,Contact Paper,Contact Paper,Brooklyn,200-3235,Brooklyn,Master,200-3235,,"nyc, new york, america, usa",https://s3-us-west-2.amazonaws.com/astek-product-images/D-C-Fix_Contact_Paper/200-3235.jpg,https://s3-us-west-2.amazonaws.com/astek-product-images/D-C-Fix_Contact_Paper/200-3235_install.jpg,60.00,Roll,1,1,Contemporary,Multi,,Adhesive,17.72,16.4,,,,,,,,,4,Self-adhesive,Removable - Reusable,,,,,,
H,d-c-fix,2-3 weeks,Specialty,Contact Paper,Contact Paper,Glossy - Taupe,200-3236,Glossy - Taupe,Master,200-3236,,"solid, solid color, contact paper, self-adhesive",https://s3-us-west-2.amazonaws.com/astek-product-images/D-C-Fix_Contact_Paper/200-3236.jpg,https://s3-us-west-2.amazonaws.com/astek-product-images/D-C-Fix_Contact_Paper/200-3236_install.jpg,60.00,Roll,1,1,Contemporary,Beige,,Adhesive,17.72,16.4,,,,,,,,,4,Self-adhesive,Removable - Reusable,,,,,,
H,d-c-fix,2-3 weeks,Specialty,Contact Paper,Contact Paper,Glossy - Mint,200-3237,Glossy - Mint,Master,200-3237,,"solid, solid color, contact paper, self-adhesive",https://s3-us-west-2.amazonaws.com/astek-product-images/D-C-Fix_Contact_Paper/200-3237.jpg,https://s3-us-west-2.amazonaws.com/astek-product-images/D-C-Fix_Contact_Paper/200-3237_install.jpg,60.00,Roll,1,1,Contemporary,Green,,Adhesive,17.72,16.4,,,,,,,,,4,Self-adhesive,Removable - Reusable,,,,,,
H,d-c-fix,2-3 weeks,Specialty,Contact Paper,Contact Paper,Ribbeck Oak,200-3240,Ribbeck Oak,Master,200-3240,,"wood, wood grain, veneer",https://s3-us-west-2.amazonaws.com/astek-product-images/D-C-Fix_Contact_Paper/200-3240.jpg,https://s3-us-west-2.amazonaws.com/astek-product-images/D-C-Fix_Contact_Paper/200-3240_install.jpg,60,Roll,1,1,Faux Finish,Brown,,Adhesive,17.72,16.4,,,,,,,,,,Self-adhesive,Removable - Reusable,,,,,,
H,d-c-fix,2-3 weeks,Specialty,Contact Paper,Contact Paper,Nordic Elm,200-3241,Nordic Elm,Master,200-3241,,"wood, wood grain, veneer, whitewashed",https://s3-us-west-2.amazonaws.com/astek-product-images/D-C-Fix_Contact_Paper/200-3241.jpg,https://s3-us-west-2.amazonaws.com/astek-product-images/D-C-Fix_Contact_Paper/200-3241_install.jpg,60.00,Roll,1,1,Faux Finish,"White, Off-White",,Adhesive,17.72,16.4,,,,,,,,,,Self-adhesive,Removable - Reusable,,,,,,
H,d-c-fix,2-3 weeks,Specialty,Contact Paper,Contact Paper,Romeo,200-3242,Romeo,Master,200-3242,,"marble, stone, granite, luxe, luxury",https://s3-us-west-2.amazonaws.com/astek-product-images/D-C-Fix_Contact_Paper/200-3242.jpg,https://s3-us-west-2.amazonaws.com/astek-product-images/D-C-Fix_Contact_Paper/200-3242_install.jpg,60,Roll,1,1,Faux Finish,Grey,,Adhesive,17.72,16.4,,,,,,,,,,Self-adhesive,Removable - Reusable,,,,,,
H,d-c-fix,2-3 weeks,Specialty,Contact Paper,Contact Paper,Glossy - Berry,200-3243,Glossy - Berry,Master,200-3243,,"solid, solid color, contact paper, self-adhesive",https://s3-us-west-2.amazonaws.com/astek-product-images/D-C-Fix_Contact_Paper/200-3243.jpg,https://s3-us-west-2.amazonaws.com/astek-product-images/D-C-Fix_Contact_Paper/200-3243_install.jpg,60.00,Roll,1,1,Contemporary,Pink,,Adhesive,17.72,16.4,,,,,,,,,4,Self-adhesive,Removable - Reusable,,,,,,
H,d-c-fix,2-3 weeks,Specialty,Contact Paper,Contact Paper,Matte - Anthracite,200-3245,Matte - Anthracite,Master,200-3245,,"solid, solid color, contact paper, self-adhesive",https://s3-us-west-2.amazonaws.com/astek-product-images/D-C-Fix_Contact_Paper/200-3245.jpg,https://s3-us-west-2.amazonaws.com/astek-product-images/D-C-Fix_Contact_Paper/200-3245_install.jpg,60.00,Roll,1,1,Contemporary,Grey,,Adhesive,17.72,16.4,,,,,,,,,4,Self-adhesive,Removable - Reusable,,,,,,
H,d-c-fix,2-3 weeks,Specialty,Contact Paper,Contact Paper,Shabby Wood,200-3246,Shabby Wood,Master,200-3246,,"wood, wood grain, veneer",https://s3-us-west-2.amazonaws.com/astek-product-images/D-C-Fix_Contact_Paper/200-3246.jpg,https://s3-us-west-2.amazonaws.com/astek-product-images/D-C-Fix_Contact_Paper/200-3246_install.jpg,120,Roll,1,1,Faux Finish,Off-White,,Adhesive,17.72,16.4,,,,,,,,,,Self-adhesive,Removable - Reusable,,,,,,
H,d-c-fix,2-3 weeks,Specialty,Contact Paper,Contact Paper,Metallic Silver,201-0020,Metallic Silver,Master,201-0020,"Metallic adhesive films create instant modern touches to furniture, kitchen cabinets, and appliances.","reflective, shine, shiny, metallic",https://s3-us-west-2.amazonaws.com/astek-product-images/D-C-Fix_Contact_Paper/201-0020.jpg,,90.00,Roll,1,1,Contemporary,Silver,,Adhesive,17.72,16.4,,,,,,,,,4,Self-adhesive,Removable - Reusable,,,,,,
H,d-c-fix,2-3 weeks,Specialty,Contact Paper,Contact Paper,High-Gloss Silver,201-4527,High-Gloss Silver,Master,201-4527,"Metallic adhesive films create instant modern touches to furniture, kitchen cabinets, and appliances.","mirror, reflective, shine, shiny, metallic",https://s3-us-west-2.amazonaws.com/astek-product-images/D-C-Fix_Contact_Paper/201-4527.jpg,https://s3-us-west-2.amazonaws.com/astek-product-images/D-C-Fix_Contact_Paper/201-4527_install.jpg,90.00,Roll,1,1,Faux Finish,Silver,,Adhesive,17.72,16.4,,,,,,,,,4,Self-adhesive,Removable - Reusable,,,,,,
H,d-c-fix,2-3 weeks,Specialty,Contact Paper,Contact Paper,High-Gloss Gold,201-4528,High-Gloss Gold,Master,201-4528,"Metallic adhesive films create instant modern touches to furniture, kitchen cabinets, and appliances.","mirror, reflective, shine, shiny, metallic",https://s3-us-west-2.amazonaws.com/astek-product-images/D-C-Fix_Contact_Paper/201-4528.jpg,https://s3-us-west-2.amazonaws.com/astek-product-images/D-C-Fix_Contact_Paper/201-4528_install.jpg,90.00,Roll,1,1,Faux Finish,Gold,,Adhesive,17.72,16.4,,,,,,,,,4,Self-adhesive,Removable - Reusable,,,,,,
H,d-c-fix,2-3 weeks,Specialty,Contact Paper,Contact Paper,High-Gloss Rosegold,201-4531,High-Gloss Rosegold,Master,201-4531,"Metallic adhesive films create instant modern touches to furniture, kitchen cabinets, and appliances.","mirror, reflective, shine, shiny, metallic",https://s3-us-west-2.amazonaws.com/astek-product-images/D-C-Fix_Contact_Paper/201-4531.jpg,https://s3-us-west-2.amazonaws.com/astek-product-images/D-C-Fix_Contact_Paper/201-4531_install.jpg,90.00,Roll,1,1,Faux Finish,Rosegold,,Adhesive,17.72,16.4,,,,,,,,,4,Self-adhesive,Removable - Reusable,,,,,,
H,d-c-fix,2-3 weeks,Specialty,Contact Paper,Contact Paper,Platinum Silver,202-1203,Platinum Silver,Master,202-1203,"Metallic adhesive films create instant modern touches to furniture, kitchen cabinets, and appliances.","reflective, shine, shiny, metallic",https://s3-us-west-2.amazonaws.com/astek-product-images/D-C-Fix_Contact_Paper/202-1203.jpg,,90.00,Roll,1,1,Contemporary,Silver,,Adhesive,17.72,16.4,,,,,,,,,4,Self-adhesive,Removable - Reusable,,,,,,
H,d-c-fix,2-3 weeks,Specialty,Contact Paper,Contact Paper,Steel Grey,202-1207,Steel Grey,Master,202-1207,"Metallic adhesive films create instant modern touches to furniture, kitchen cabinets, and appliances.","reflective, shine, shiny, metallic",https://s3-us-west-2.amazonaws.com/astek-product-images/D-C-Fix_Contact_Paper/202-1207.jpg,https://s3-us-west-2.amazonaws.com/astek-product-images/D-C-Fix_Contact_Paper/202-1207_install.jpg,90.00,Roll,1,1,Contemporary,Grey,,Adhesive,17.72,16.4,,,,,,,,,4,Self-adhesive,Removable - Reusable,,,,,,
H,d-c-fix,2-3 weeks,Specialty,Contact Paper,Contact Paper,Platinum Silver,202-5203,Platinum Silver,Master,202-5203,"Metallic adhesive films create instant modern touches to furniture, kitchen cabinets, and appliances.","reflective, shine, shiny, metallic",https://s3-us-west-2.amazonaws.com/astek-product-images/D-C-Fix_Contact_Paper/202-5203.jpg,https://s3-us-west-2.amazonaws.com/astek-product-images/D-C-Fix_Contact_Paper/202-5203_install.jpg,180.00,Roll,1,1,Contemporary,Silver,,Adhesive,35.43,16.4,,,,,,,,,8,Self-adhesive,Removable - Reusable,,,,,,
H,d-c-fix,2-3 weeks,Specialty,Contact Paper,Contact Paper,Carbon Black,203-2966,Carbon Black,Master,203-2966,"Metallic adhesive films create instant modern touches to furniture, kitchen cabinets, and appliances.","reflective, shine, shiny, metallic",https://s3-us-west-2.amazonaws.com/astek-product-images/D-C-Fix_Contact_Paper/203-2966.jpg,,90.00,Roll,1,1,Contemporary,"Black, Silver",,Adhesive,17.72,16.4,,,,,,,,,4,Self-adhesive,Removable - Reusable,,,,,,
H,d-c-fix,2-3 weeks,Specialty,Contact Paper,Contact Paper,Velour - Red,205-1712,Velour - Red,Master,205-1712,"Velour adhesive films are velvety soft, easy to use, and noise-absorbing.","solid color, color, contact paper",https://s3-us-west-2.amazonaws.com/astek-product-images/D-C-Fix_Contact_Paper/205-1712.jpg,,68.25,Roll,1,1,Contemporary,Red,,Adhesive,17.72,5.47,,,,,,,,,5,Self-adhesive,Removable - Reusable,,,,,,
H,d-c-fix,2-3 weeks,Specialty,Contact Paper,Contact Paper,Velour - Bordeaux,205-1713,Velour - Bordeaux,Master,205-1713,"Velour adhesive films are velvety soft, easy to use, and noise-absorbing.","solid color, color, contact paper",https://s3-us-west-2.amazonaws.com/astek-product-images/D-C-Fix_Contact_Paper/205-1713.jpg,,68.25,Roll,1,1,Contemporary,Bordeaux,,Adhesive,17.72,5.47,,,,,,,,,5,Self-adhesive,Removable - Reusable,,,,,,
H,d-c-fix,2-3 weeks,Specialty,Contact Paper,Contact Paper,Velour - Blue,205-1715,Velour - Blue,Master,205-1715,"Velour adhesive films are velvety soft, easy to use, and noise-absorbing.","solid color, color, contact paper",https://s3-us-west-2.amazonaws.com/astek-product-images/D-C-Fix_Contact_Paper/205-1715.jpg,https://s3-us-west-2.amazonaws.com/astek-product-images/D-C-Fix_Contact_Paper/205-1715_install.jpg,68.25,Roll,1,1,Contemporary,Blue,,Adhesive,17.72,5.47,,,,,,,,,5,Self-adhesive,Removable - Reusable,,,,,,
H,d-c-fix,2-3 weeks,Specialty,Contact Paper,Contact Paper,Velour - Green,205-1716,Velour - Green,Master,205-1716,"Velour adhesive films are velvety soft, easy to use, and noise-absorbing.","solid color, color, contact paper",https://s3-us-west-2.amazonaws.com/astek-product-images/D-C-Fix_Contact_Paper/205-1716.jpg,,68.25,Roll,1,1,Contemporary,Green,,Adhesive,17.72,5.47,,,,,,,,,5,Self-adhesive,Removable - Reusable,,,,,,
H,d-c-fix,2-3 weeks,Specialty,Contact Paper,Contact Paper,Velour - Black,205-1719,Velour - Black,Master,205-1719,"Velour adhesive films are velvety soft, easy to use, and noise-absorbing.","solid color, color, contact paper",https://s3-us-west-2.amazonaws.com/astek-product-images/D-C-Fix_Contact_Paper/205-1719.jpg,,68.25,Roll,1,1,Contemporary,Black,,Adhesive,17.72,5.47,,,,,,,,,5,Self-adhesive,Removable - Reusable,,,,,,
H,d-c-fix,2-3 weeks,Specialty,Contact Paper,Contact Paper,Velour - Grey,205-1721,Velour - Grey,Master,205-1721,"Velour adhesive films are velvety soft, easy to use, and noise-absorbing.","solid color, color, contact paper",https://s3-us-west-2.amazonaws.com/astek-product-images/D-C-Fix_Contact_Paper/205-1721.jpg,https://s3-us-west-2.amazonaws.com/astek-product-images/D-C-Fix_Contact_Paper/205-1721_install.jpg,68.25,Roll,1,1,Contemporary,Grey,,Adhesive,17.72,5.47,,,,,,,,,5,Self-adhesive,Removable - Reusable,,,,,,
H,d-c-fix,2-3 weeks,Specialty,Contact Paper,Contact Paper,Metallic Brushed Silver,210-0045,Metallic Brushed Silver,Master,210-0045,"Metallic adhesive films create instant modern touches to furniture, kitchen cabinets, and appliances.","reflective, shine, shiny, metallic",https://s3-us-west-2.amazonaws.com/astek-product-images/D-C-Fix_Contact_Paper/210-0045.jpg,https://s3-us-west-2.amazonaws.com/astek-product-images/D-C-Fix_Contact_Paper/210-0045_install.jpg,90.00,Roll,1,1,Contemporary,Silver,,Adhesive,17.72,10.94,,,,,,,,,4,Self-adhesive,Removable - Reusable,,,,,,
H,d-c-fix,2-3 weeks,Specialty,Contact Paper,Contact Paper,Riffelblech,210-0060,Riffelblech,Master,210-0060,"Metallic adhesive films create instant modern touches to furniture, kitchen cabinets, and appliances.","reflective, shine, shiny, metallic",https://s3-us-west-2.amazonaws.com/astek-product-images/D-C-Fix_Contact_Paper/210-0060.jpg,https://s3-us-west-2.amazonaws.com/astek-product-images/D-C-Fix_Contact_Paper/210-0060_install.jpg,90.00,Roll,1,1,Contemporary,Silver,,Adhesive,17.72,10.94,,,,,,,,,,Self-adhesive,Removable - Reusable,,,,,,
H,d-c-fix,2-3 weeks,Specialty,Contact Paper,Contact Paper,Metallic Brushed Silver,210-8045,Metallic Brushed Silver,Master,210-8045,"Metallic adhesive films create instant modern touches to furniture, kitchen cabinets, and appliances.","reflective, shine, shiny, metallic",https://s3-us-west-2.amazonaws.com/astek-product-images/D-C-Fix_Contact_Paper/210-8045.jpg,https://s3-us-west-2.amazonaws.com/astek-product-images/D-C-Fix_Contact_Paper/210-8045_install.jpg,135.00,Roll,1,1,Contemporary,Silver,,Adhesive,26.57,10.94,,,,,,,,,6,Self-adhesive,Removable - Reusable,,,,,,
H,d-c-fix,2-3 weeks,Specialty,Contact Paper,Contact Paper,Mirror,215-0001,Mirror,Master,215-0001,The high-gloss of Mirror contact paper adds visual depth and light to any space. ,"mirror, reflective, shine, shiny, metallic",https://s3-us-west-2.amazonaws.com/astek-product-images/D-C-Fix_Contact_Paper/215-0001.jpg,https://s3-us-west-2.amazonaws.com/astek-product-images/D-C-Fix_Contact_Paper/215-0001_install.jpg,90.00,Roll,1,1,Faux Finish,Silver,,Adhesive,17.72,10.94,,,,,,,,,16,Self-adhesive,Removable - Reusable,,,,,,
H,d-c-fix,2-3 weeks,Specialty,Contact Paper,Contact Paper,Mirror,215-0002,Mirror,Master,215-0002,The high-gloss of Mirror contact paper adds visual depth and light to any space. ,"mirror, reflective, shine, shiny, metallic",https://s3-us-west-2.amazonaws.com/astek-product-images/D-C-Fix_Contact_Paper/215-0002.jpg,,180.00,Roll,1,1,Faux Finish,Silver,,Adhesive,35.43,10.94,,,,,,,,,8,Self-adhesive,Removable - Reusable,,,,,,