websites,vendor,product_category,product_type,collection,design_name,variant_name,variant_type,sku,description,keywords,images,price,sale_unit,sale_quantity,minimum_quantity,style,color,substrate,backing,roll_width,roll_length,mural_width,mural_height,motif_width,motif_height,repeat_match_type,printed_width,weight,application,removability,washability,color_fastness,fire_rating,print_type,margin_trim,print_to_order
"A,H",Tokiwa,Naturals,Exclusive Lines,Winds of the Asian Pacific,WND-201,WND-201,Master,WND-201,,"grasscloth, weave, woven, jute, sisal, arrowroot, hyacinth","https://s3.amazonaws.com/astek/WND/WND-201.jpg, https://s3.amazonaws.com/astek/WND/WND-201_scale.jpg",146.99,Roll,1,1,Textural,Yellow,,Paper,36,8,,,,,Random,,15,Paste the Wall,,Vacum,Good,Class A,,,No
"A,H",Tokiwa,Naturals,Exclusive Lines,Winds of the Asian Pacific,WND-202,WND-202,Master,WND-202,,"grasscloth, weave, woven, jute, sisal, arrowroot, hyacinth","https://s3.amazonaws.com/astek/WND/WND-202.jpg, https://s3.amazonaws.com/astek/WND/WND-202_scale.jpg",146.99,Roll,1,1,Textural,Neutral,,Paper,36,8,,,,,Random,,15,Paste the Wall,,Vacum,Good,Class A,,,No
"A,H",Tokiwa,Naturals,Exclusive Lines,Winds of the Asian Pacific,WND-203,WND-203,Master,WND-203,,"grasscloth, weave, woven, jute, sisal, arrowroot, hyacinth","https://s3.amazonaws.com/astek/WND/WND-203.jpg, https://s3.amazonaws.com/astek/WND/WND-203_scale.jpg",146.99,Roll,1,1,Textural,Orange,,Paper,36,8,,,,,Random,,15,Paste the Wall,,Vacum,Good,Class A,,,No
"A,H",Tokiwa,Naturals,Exclusive Lines,Winds of the Asian Pacific,WND-204,WND-204,Master,WND-204,,"grasscloth, weave, woven, jute, sisal, arrowroot, hyacinth","https://s3.amazonaws.com/astek/WND/WND-204.jpg, https://s3.amazonaws.com/astek/WND/WND-204_scale.jpg",146.99,Roll,1,1,Textural,Yellow,,Paper,36,8,,,,,Random,,15,Paste the Wall,,Vacum,Good,Class A,,,No
"A,H",Tokiwa,Naturals,Exclusive Lines,Winds of the Asian Pacific,WND-205,WND-205,Master,WND-205,,"grasscloth, weave, woven, jute, sisal, arrowroot, hyacinth","https://s3.amazonaws.com/astek/WND/WND-205.jpg, https://s3.amazonaws.com/astek/WND/WND-205_scale.jpg",146.99,Roll,1,1,Textural,Red,,Paper,36,8,,,,,Random,,15,Paste the Wall,,Vacum,Good,Class A,,,No
"A,H",Tokiwa,Naturals,Exclusive Lines,Winds of the Asian Pacific,WND-206,WND-206,Master,WND-206,,"grasscloth, weave, woven, jute, sisal, arrowroot, hyacinth","https://s3.amazonaws.com/astek/WND/WND-206.jpg, https://s3.amazonaws.com/astek/WND/WND-206_scale.jpg",146.99,Roll,1,1,Textural,Yellow,,Paper,36,8,,,,,Random,,15,Paste the Wall,,Vacum,Good,Class A,,,No
"A,H",Tokiwa,Naturals,Exclusive Lines,Winds of the Asian Pacific,WND-207,WND-207,Master,WND-207,,"grasscloth, weave, woven, jute, sisal, arrowroot, hyacinth","https://s3.amazonaws.com/astek/WND/WND-207.jpg, https://s3.amazonaws.com/astek/WND/WND-207_scale.jpg",146.99,Roll,1,1,Textural,Neutral,,Paper,36,8,,,,,Random,,15,Paste the Wall,,Vacum,Good,Class A,,,No
"A,H",Tokiwa,Naturals,Exclusive Lines,Winds of the Asian Pacific,WND-208,WND-208,Master,WND-208,,"grasscloth, weave, woven, jute, sisal, arrowroot, hyacinth","https://s3.amazonaws.com/astek/WND/WND-208.jpg, https://s3.amazonaws.com/astek/WND/WND-208_scale.jpg",146.99,Roll,1,1,Textural,Neutral,,Paper,36,8,,,,,Random,,15,Paste the Wall,,Vacum,Good,Class A,,,No
"A,H",Tokiwa,Naturals,Exclusive Lines,Winds of the Asian Pacific,WND-209,WND-209,Master,WND-209,,"grasscloth, weave, woven, jute, sisal, arrowroot, hyacinth","https://s3.amazonaws.com/astek/WND/WND-209.jpg, https://s3.amazonaws.com/astek/WND/WND-209_scale.jpg",145.99,Roll,1,1,Textural,Yellow,,Paper,36,8,,,,,Random,,15,Paste the Wall,,Vacum,Good,Class A,,,No
"A,H",Tokiwa,Naturals,Exclusive Lines,Winds of the Asian Pacific,WND-210,WND-210,Master,WND-210,,"grasscloth, weave, woven, jute, sisal, arrowroot, hyacinth","https://s3.amazonaws.com/astek/WND/WND-210.jpg, https://s3.amazonaws.com/astek/WND/WND-210_scale.jpg",145.99,Roll,1,1,Textural,Orange,,Paper,36,8,,,,,Random,,15,Paste the Wall,,Vacum,Good,Class A,,,No
"A,H",Tokiwa,Naturals,Exclusive Lines,Winds of the Asian Pacific,WND-211,WND-211,Master,WND-211,,"grasscloth, weave, woven, jute, sisal, arrowroot, hyacinth","https://s3.amazonaws.com/astek/WND/WND-211.jpg, https://s3.amazonaws.com/astek/WND/WND-211_scale.jpg",145.99,Roll,1,1,Textural,Yellow,,Paper,36,8,,,,,Random,,15,Paste the Wall,,Vacum,Good,Class A,,,No
"A,H",Tokiwa,Naturals,Exclusive Lines,Winds of the Asian Pacific,WND-212,WND-212,Master,WND-212,,"grasscloth, weave, woven, jute, sisal, arrowroot, hyacinth","https://s3.amazonaws.com/astek/WND/WND-212.jpg, https://s3.amazonaws.com/astek/WND/WND-212_scale.jpg",145.99,Roll,1,1,Textural,Neutral,,Paper,36,8,,,,,Random,,15,Paste the Wall,,Vacum,Good,Class A,,,No
"A,H",Tokiwa,Naturals,Exclusive Lines,Winds of the Asian Pacific,WND-213,WND-213,Master,WND-213,,"grasscloth, weave, woven, jute, sisal, arrowroot, hyacinth","https://s3.amazonaws.com/astek/WND/WND-213.jpg, https://s3.amazonaws.com/astek/WND/WND-213_scale.jpg",145.99,Roll,1,1,Textural,Orange,,Paper,36,8,,,,,Random,,15,Paste the Wall,,Vacum,Good,Class A,,,No
"A,H",Tokiwa,Naturals,Exclusive Lines,Winds of the Asian Pacific,WND-214,WND-214,Master,WND-214,,"grasscloth, weave, woven, jute, sisal, arrowroot, hyacinth","https://s3.amazonaws.com/astek/WND/WND-214.jpg, https://s3.amazonaws.com/astek/WND/WND-214_scale.jpg",145.99,Roll,1,1,Textural,Neutral,,Paper,36,8,,,,,Random,,15,Paste the Wall,,Vacum,Good,Class A,,,No
"A,H",Tokiwa,Naturals,Exclusive Lines,Winds of the Asian Pacific,WND-216,WND-216,Master,WND-216,,"grasscloth, weave, woven, jute, sisal, arrowroot, hyacinth","https://s3.amazonaws.com/astek/WND/WND-215.jpg, https://s3.amazonaws.com/astek/WND/WND-215_scale.jpg",121.99,Roll,1,1,Textural,Yellow,,Paper,36,8,,,,,Random,,15,Paste the Wall,,Vacum,Good,Class A,,,No
"A,H",Tokiwa,Naturals,Exclusive Lines,Winds of the Asian Pacific,WND-217,WND-217,Master,WND-217,,"grasscloth, weave, woven, jute, sisal, arrowroot, hyacinth","https://s3.amazonaws.com/astek/WND/WND-216.jpg, https://s3.amazonaws.com/astek/WND/WND-216_scale.jpg",146.99,Roll,1,1,Textural,Yellow,,Paper,36,8,,,,,Random,,15,Paste the Wall,,Vacum,Good,Class A,,,No
"A,H",Tokiwa,Naturals,Exclusive Lines,Winds of the Asian Pacific,WND-218,WND-218,Master,WND-218,,"grasscloth, weave, woven, jute, sisal, arrowroot, hyacinth","https://s3.amazonaws.com/astek/WND/WND-217.jpg, https://s3.amazonaws.com/astek/WND/WND-217_scale.jpg",146.99,Roll,1,1,Textural,Yellow,,Paper,36,8,,,,,Random,,15,Paste the Wall,,Vacum,Good,Class A,,,No
"A,H",Tokiwa,Naturals,Exclusive Lines,Winds of the Asian Pacific,WND-219,WND-219,Master,WND-219,,"grasscloth, weave, woven, jute, sisal, arrowroot, hyacinth","https://s3.amazonaws.com/astek/WND/WND-218.jpg, https://s3.amazonaws.com/astek/WND/WND-218_scale.jpg",146.99,Roll,1,1,Textural,Neutral,,Paper,36,8,,,,,Random,,15,Paste the Wall,,Vacum,Good,Class A,,,No
"A,H",Tokiwa,Naturals,Exclusive Lines,Winds of the Asian Pacific,WND-220,WND-220,Master,WND-220,,"grasscloth, weave, woven, jute, sisal, arrowroot, hyacinth","https://s3.amazonaws.com/astek/WND/WND-219.jpg, https://s3.amazonaws.com/astek/WND/WND-219_scale.jpg",121.99,Roll,1,1,Textural,Orange,,Paper,36,8,,,,,Random,,15,Paste the Wall,,Vacum,Good,Class A,,,No
"A,H",Tokiwa,Naturals,Exclusive Lines,Winds of the Asian Pacific,WND-221,WND-221,Master,WND-221,,"grasscloth, weave, woven, jute, sisal, arrowroot, hyacinth","https://s3.amazonaws.com/astek/WND/WND-220.jpg, https://s3.amazonaws.com/astek/WND/WND-220_scale.jpg",121.99,Roll,1,1,Textural,Yellow,,Paper,36,8,,,,,Random,,15,Paste the Wall,,Vacum,Good,Class A,,,No
"A,H",Tokiwa,Naturals,Exclusive Lines,Winds of the Asian Pacific,WND-222,WND-222,Master,WND-222,,"grasscloth, weave, woven, jute, sisal, arrowroot, hyacinth","https://s3.amazonaws.com/astek/WND/WND-221.jpg, https://s3.amazonaws.com/astek/WND/WND-221_scale.jpg",121.99,Roll,1,1,Textural,Yellow,,Paper,36,8,,,,,Random,,15,Paste the Wall,,Vacum,Good,Class A,,,No
"A,H",Tokiwa,Naturals,Exclusive Lines,Winds of the Asian Pacific,WND-223,WND-223,Master,WND-223,,"grasscloth, weave, woven, jute, sisal, arrowroot, hyacinth","https://s3.amazonaws.com/astek/WND/WND-222.jpg, https://s3.amazonaws.com/astek/WND/WND-222_scale.jpg",121.99,Roll,1,1,Textural,Orange,,Paper,36,8,,,,,Random,,15,Paste the Wall,,Vacum,Good,Class A,,,No
"A,H",Tokiwa,Naturals,Exclusive Lines,Winds of the Asian Pacific,WND-224,WND-224,Master,WND-224,,"grasscloth, weave, woven, jute, sisal, arrowroot, hyacinth","https://s3.amazonaws.com/astek/WND/WND-223.jpg, https://s3.amazonaws.com/astek/WND/WND-223_scale.jpg",121.99,Roll,1,1,Textural,Orange,,Paper,36,8,,,,,Random,,15,Paste the Wall,,Vacum,Good,Class A,,,No
"A,H",Tokiwa,Naturals,Exclusive Lines,Winds of the Asian Pacific,WND-225,WND-225,Master,WND-225,,"grasscloth, weave, woven, jute, sisal, arrowroot, hyacinth","https://s3.amazonaws.com/astek/WND/WND-224.jpg, https://s3.amazonaws.com/astek/WND/WND-224_scale.jpg",121.99,Roll,1,1,Textural,Yellow,,Paper,36,8,,,,,Random,,15,Paste the Wall,,Vacum,Good,Class A,,,No
"A,H",Tokiwa,Naturals,Exclusive Lines,Winds of the Asian Pacific,WND-226,WND-226,Master,WND-226,,"grasscloth, weave, woven, jute, sisal, arrowroot, hyacinth","https://s3.amazonaws.com/astek/WND/WND-225.jpg, https://s3.amazonaws.com/astek/WND/WND-225_scale.jpg",185.99,Roll,1,1,Textural,Neutral,,Paper,36,8,,,,,Random,,15,Paste the Wall,,Vacum,Good,Class A,,,No
"A,H",Tokiwa,Naturals,Exclusive Lines,Winds of the Asian Pacific,WND-227,WND-227,Master,WND-227,,"grasscloth, weave, woven, jute, sisal, arrowroot, hyacinth","https://s3.amazonaws.com/astek/WND/WND-226.jpg, https://s3.amazonaws.com/astek/WND/WND-226_scale.jpg",157.99,Roll,1,1,Textural,Yellow,,Paper,36,8,,,,,Random,,15,Paste the Wall,,Vacum,Good,Class A,,,No
"A,H",Tokiwa,Naturals,Exclusive Lines,Winds of the Asian Pacific,WND-228,WND-228,Master,WND-228,,"grasscloth, weave, woven, jute, sisal, arrowroot, hyacinth","https://s3.amazonaws.com/astek/WND/WND-227.jpg, https://s3.amazonaws.com/astek/WND/WND-227_scale.jpg",157.99,Roll,1,1,Textural,Orange,,Paper,36,8,,,,,Random,,15,Paste the Wall,,Vacum,Good,Class A,,,No
"A,H",Tokiwa,Naturals,Exclusive Lines,Winds of the Asian Pacific,WND-229,WND-229,Master,WND-229,,"grasscloth, weave, woven, jute, sisal, arrowroot, hyacinth","https://s3.amazonaws.com/astek/WND/WND-228.jpg, https://s3.amazonaws.com/astek/WND/WND-228_scale.jpg",185.99,Roll,1,1,Textural,Yellow,,Paper,36,8,,,,,Random,,15,Paste the Wall,,Vacum,Good,Class A,,,No
"A,H",Tokiwa,Naturals,Exclusive Lines,Winds of the Asian Pacific,WND-230,WND-230,Master,WND-230,,"grasscloth, weave, woven, jute, sisal, arrowroot, hyacinth","https://s3.amazonaws.com/astek/WND/WND-229.jpg, https://s3.amazonaws.com/astek/WND/WND-229_scale.jpg",88.99,Roll,1,1,Textural,Red,,Paper,36,8,,,,,Random,,15,Paste the Wall,,Vacum,Good,Class A,,,No
"A,H",Tokiwa,Naturals,Exclusive Lines,Winds of the Asian Pacific,WND-231,WND-231,Master,WND-231,,"grasscloth, weave, woven, jute, sisal, arrowroot, hyacinth","https://s3.amazonaws.com/astek/WND/WND-230.jpg, https://s3.amazonaws.com/astek/WND/WND-230_scale.jpg",88.99,Roll,1,1,Textural,Red,,Paper,36,8,,,,,Random,,15,Paste the Wall,,Vacum,Good,Class A,,,No
"A,H",Tokiwa,Naturals,Exclusive Lines,Winds of the Asian Pacific,WND-232,WND-232,Master,WND-232,,"grasscloth, weave, woven, jute, sisal, arrowroot, hyacinth","https://s3.amazonaws.com/astek/WND/WND-231.jpg, https://s3.amazonaws.com/astek/WND/WND-231_scale.jpg",88.99,Roll,1,1,Textural,Red,,Paper,36,8,,,,,Random,,15,Paste the Wall,,Vacum,Good,Class A,,,No
"A,H",Tokiwa,Naturals,Exclusive Lines,Winds of the Asian Pacific,WND-233,WND-233,Master,WND-233,,"grasscloth, weave, woven, jute, sisal, arrowroot, hyacinth","https://s3.amazonaws.com/astek/WND/WND-232.jpg, https://s3.amazonaws.com/astek/WND/WND-232_scale.jpg",88.99,Roll,1,1,Textural,Orange,,Paper,36,8,,,,,Random,,15,Paste the Wall,,Vacum,Good,Class A,,,No
"A,H",Tokiwa,Naturals,Exclusive Lines,Winds of the Asian Pacific,WND-234,WND-234,Master,WND-234,,"grasscloth, weave, woven, jute, sisal, arrowroot, hyacinth","https://s3.amazonaws.com/astek/WND/WND-233.jpg, https://s3.amazonaws.com/astek/WND/WND-233_scale.jpg",116.99,Roll,1,1,Textural,Neutral,,Paper,36,8,,,,,Random,,15,Paste the Wall,,Vacum,Good,Class A,,,No
"A,H",Tokiwa,Naturals,Exclusive Lines,Winds of the Asian Pacific,WND-235,WND-235,Master,WND-235,,"grasscloth, weave, woven, jute, sisal, arrowroot, hyacinth","https://s3.amazonaws.com/astek/WND/WND-234.jpg, https://s3.amazonaws.com/astek/WND/WND-234_scale.jpg",88.99,Roll,1,1,Textural,Neutral,,Paper,36,8,,,,,Random,,15,Paste the Wall,,Vacum,Good,Class A,,,No
"A,H",Tokiwa,Naturals,Exclusive Lines,Winds of the Asian Pacific,WND-236,WND-236,Master,WND-236,,"grasscloth, weave, woven, jute, sisal, arrowroot, hyacinth","https://s3.amazonaws.com/astek/WND/WND-235.jpg, https://s3.amazonaws.com/astek/WND/WND-235_scale.jpg",88.99,Roll,1,1,Textural,Neutral,,Paper,36,8,,,,,Random,,15,Paste the Wall,,Vacum,Good,Class A,,,No
"A,H",Tokiwa,Naturals,Exclusive Lines,Winds of the Asian Pacific,WND-237,WND-237,Master,WND-237,,"grasscloth, weave, woven, jute, sisal, arrowroot, hyacinth","https://s3.amazonaws.com/astek/WND/WND-236.jpg, https://s3.amazonaws.com/astek/WND/WND-236_scale.jpg",88.99,Roll,1,1,Textural,Orange,,Paper,36,8,,,,,Random,,15,Paste the Wall,,Vacum,Good,Class A,,,No
"A,H",Tokiwa,Naturals,Exclusive Lines,Winds of the Asian Pacific,WND-238,WND-238,Master,WND-238,,"grasscloth, weave, woven, jute, sisal, arrowroot, hyacinth","https://s3.amazonaws.com/astek/WND/WND-237.jpg, https://s3.amazonaws.com/astek/WND/WND-237_scale.jpg",88.99,Roll,1,1,Textural,Yellow,,Paper,36,8,,,,,Random,,15,Paste the Wall,,Vacum,Good,Class A,,,No
"A,H",Tokiwa,Naturals,Exclusive Lines,Winds of the Asian Pacific,WND-239,WND-239,Master,WND-239,,"grasscloth, weave, woven, jute, sisal, arrowroot, hyacinth","https://s3.amazonaws.com/astek/WND/WND-238.jpg, https://s3.amazonaws.com/astek/WND/WND-238_scale.jpg",88.99,Roll,1,1,Textural,Neutral,,Paper,36,8,,,,,Random,,15,Paste the Wall,,Vacum,Good,Class A,,,No
"A,H",Tokiwa,Naturals,Exclusive Lines,Winds of the Asian Pacific,WND-240,WND-240,Master,WND-240,,"grasscloth, weave, woven, jute, sisal, arrowroot, hyacinth","https://s3.amazonaws.com/astek/WND/WND-239.jpg, https://s3.amazonaws.com/astek/WND/WND-239_scale.jpg",157.99,Roll,1,1,Textural,Yellow,,Paper,36,8,,,,,Random,,15,Paste the Wall,,Vacum,Good,Class A,,,No
"A,H",Tokiwa,Naturals,Exclusive Lines,Winds of the Asian Pacific,WND-241,WND-241,Master,WND-241,,"grasscloth, weave, woven, jute, sisal, arrowroot, hyacinth","https://s3.amazonaws.com/astek/WND/WND-240.jpg, https://s3.amazonaws.com/astek/WND/WND-240_scale.jpg",157.99,Roll,1,1,Textural,Yellow,,Paper,36,8,,,,,Random,,15,Paste the Wall,,Vacum,Good,Class A,,,No
"A,H",Tokiwa,Naturals,Exclusive Lines,Winds of the Asian Pacific,WND-242,WND-242,Master,WND-242,,"grasscloth, weave, woven, jute, sisal, arrowroot, hyacinth","https://s3.amazonaws.com/astek/WND/WND-241.jpg, https://s3.amazonaws.com/astek/WND/WND-241_scale.jpg",116.99,Roll,1,1,Textural,Red,,Paper,36,8,,,,,Random,,15,Paste the Wall,,Vacum,Good,Class A,,,No
"A,H",Tokiwa,Naturals,Exclusive Lines,Winds of the Asian Pacific,WND-243,WND-243,Master,WND-243,,"grasscloth, weave, woven, jute, sisal, arrowroot, hyacinth","https://s3.amazonaws.com/astek/WND/WND-242.jpg, https://s3.amazonaws.com/astek/WND/WND-242_scale.jpg",116.99,Roll,1,1,Textural,Orange,,Paper,36,8,,,,,Random,,15,Paste the Wall,,Vacum,Good,Class A,,,No
"A,H",Tokiwa,Naturals,Exclusive Lines,Winds of the Asian Pacific,WND-244,WND-244,Master,WND-244,,"grasscloth, weave, woven, jute, sisal, arrowroot, hyacinth","https://s3.amazonaws.com/astek/WND/WND-243.jpg, https://s3.amazonaws.com/astek/WND/WND-243_scale.jpg",116.99,Roll,1,1,Textural,Yellow,,Paper,36,8,,,,,Random,,15,Paste the Wall,,Vacum,Good,Class A,,,No
"A,H",Tokiwa,Naturals,Exclusive Lines,Winds of the Asian Pacific,WND-245,WND-245,Master,WND-245,,"grasscloth, weave, woven, jute, sisal, arrowroot, hyacinth","https://s3.amazonaws.com/astek/WND/WND-244.jpg, https://s3.amazonaws.com/astek/WND/WND-244_scale.jpg",116.99,Roll,1,1,Textural,Yellow,,Paper,36,8,,,,,Random,,15,Paste the Wall,,Vacum,Good,Class A,,,No
"A,H",Tokiwa,Naturals,Exclusive Lines,Winds of the Asian Pacific,WND-246,WND-246,Master,WND-246,,"grasscloth, weave, woven, jute, sisal, arrowroot, hyacinth","https://s3.amazonaws.com/astek/WND/WND-245.jpg, https://s3.amazonaws.com/astek/WND/WND-245_scale.jpg",116.99,Roll,1,1,Textural,Yellow,,Paper,36,8,,,,,Random,,15,Paste the Wall,,Vacum,Good,Class A,,,No
"A,H",Tokiwa,Naturals,Exclusive Lines,Winds of the Asian Pacific,WND-247,WND-247,Master,WND-247,,"grasscloth, weave, woven, jute, sisal, arrowroot, hyacinth","https://s3.amazonaws.com/astek/WND/WND-246.jpg, https://s3.amazonaws.com/astek/WND/WND-246_scale.jpg",116.99,Roll,1,1,Textural,Orange,,Paper,36,8,,,,,Random,,15,Paste the Wall,,Vacum,Good,Class A,,,No
"A,H",Tokiwa,Naturals,Exclusive Lines,Winds of the Asian Pacific,WND-248,WND-248,Master,WND-248,,"grasscloth, weave, woven, jute, sisal, arrowroot, hyacinth","https://s3.amazonaws.com/astek/WND/WND-247.jpg, https://s3.amazonaws.com/astek/WND/WND-247_scale.jpg",116.99,Roll,1,1,Textural,Grey,,Paper,36,8,,,,,Random,,15,Paste the Wall,,Vacum,Good,Class A,,,No
"A,H",Tokiwa,Naturals,Exclusive Lines,Winds of the Asian Pacific,WND-249,WND-249,Master,WND-249,,"grasscloth, weave, woven, jute, sisal, arrowroot, hyacinth","https://s3.amazonaws.com/astek/WND/WND-248.jpg, https://s3.amazonaws.com/astek/WND/WND-248_scale.jpg",116.99,Roll,1,1,Textural,Black and White,,Paper,36,8,,,,,Random,,15,Paste the Wall,,Vacum,Good,Class A,,,No
"A,H",Tokiwa,Naturals,Exclusive Lines,Winds of the Asian Pacific,WND-250,WND-250,Master,WND-250,,"grasscloth, weave, woven, jute, sisal, arrowroot, hyacinth","https://s3.amazonaws.com/astek/WND/WND-249.jpg, https://s3.amazonaws.com/astek/WND/WND-249_scale.jpg",116.99,Roll,1,1,Textural,Black and White,,Paper,36,8,,,,,Random,,15,Paste the Wall,,Vacum,Good,Class A,,,No
"A,H",Tokiwa,Naturals,Exclusive Lines,Winds of the Asian Pacific,WND-251,WND-251,Master,WND-251,,"grasscloth, weave, woven, jute, sisal, arrowroot, hyacinth","https://s3.amazonaws.com/astek/WND/WND-250.jpg, https://s3.amazonaws.com/astek/WND/WND-250_scale.jpg",116.99,Roll,1,1,Textural,Yellow,,Paper,36,8,,,,,Random,,15,Paste the Wall,,Vacum,Good,Class A,,,No
"A,H",Tokiwa,Naturals,Exclusive Lines,Winds of the Asian Pacific,WND-252,WND-252,Master,WND-252,,"grasscloth, weave, woven, jute, sisal, arrowroot, hyacinth","https://s3.amazonaws.com/astek/WND/WND-251.jpg, https://s3.amazonaws.com/astek/WND/WND-251_scale.jpg",116.99,Roll,1,1,Textural,Yellow,,Paper,36,8,,,,,Random,,15,Paste the Wall,,Vacum,Good,Class A,,,No
"A,H",Tokiwa,Naturals,Exclusive Lines,Winds of the Asian Pacific,WND-253,WND-253,Master,WND-253,,"grasscloth, weave, woven, jute, sisal, arrowroot, hyacinth","https://s3.amazonaws.com/astek/WND/WND-252.jpg, https://s3.amazonaws.com/astek/WND/WND-252_scale.jpg",116.99,Roll,1,1,Textural,Neutral,,Paper,36,8,,,,,Random,,15,Paste the Wall,,Vacum,Good,Class A,,,No
"A,H",Tokiwa,Naturals,Exclusive Lines,Winds of the Asian Pacific,WND-254,WND-254,Master,WND-254,,"grasscloth, weave, woven, jute, sisal, arrowroot, hyacinth","https://s3.amazonaws.com/astek/WND/WND-253.jpg, https://s3.amazonaws.com/astek/WND/WND-253_scale.jpg",116.99,Roll,1,1,Textural,Orange,,Paper,36,8,,,,,Random,,15,Paste the Wall,,Vacum,Good,Class A,,,No
"A,H",Tokiwa,Naturals,Exclusive Lines,Winds of the Asian Pacific,WND-255,WND-255,Master,WND-255,,"grasscloth, weave, woven, jute, sisal, arrowroot, hyacinth","https://s3.amazonaws.com/astek/WND/WND-254.jpg, https://s3.amazonaws.com/astek/WND/WND-254_scale.jpg",116.99,Roll,1,1,Textural,Yellow,,Paper,36,8,,,,,Random,,15,Paste the Wall,,Vacum,Good,Class A,,,No
"A,H",Tokiwa,Naturals,Exclusive Lines,Winds of the Asian Pacific,WND-256,WND-256,Master,WND-256,,"grasscloth, weave, woven, jute, sisal, arrowroot, hyacinth","https://s3.amazonaws.com/astek/WND/WND-255.jpg, https://s3.amazonaws.com/astek/WND/WND-255_scale.jpg",146.99,Roll,1,1,Textural,Neutral,,Paper,36,8,,,,,Random,,15,Paste the Wall,,Vacum,Good,Class A,,,No
"A,H",Tokiwa,Naturals,Exclusive Lines,Winds of the Asian Pacific,WND-257,WND-257,Master,WND-257,,"grasscloth, weave, woven, jute, sisal, arrowroot, hyacinth","https://s3.amazonaws.com/astek/WND/WND-256.jpg, https://s3.amazonaws.com/astek/WND/WND-256_scale.jpg",146.99,Roll,1,1,Textural,Orange,,Paper,36,8,,,,,Random,,15,Paste the Wall,,Vacum,Good,Class A,,,No
"A,H",Tokiwa,Naturals,Exclusive Lines,Winds of the Asian Pacific,WND-258,WND-258,Master,WND-258,,"grasscloth, weave, woven, jute, sisal, arrowroot, hyacinth","https://s3.amazonaws.com/astek/WND/WND-257.jpg, https://s3.amazonaws.com/astek/WND/WND-257_scale.jpg",146.99,Roll,1,1,Textural,Red,,Paper,36,8,,,,,Random,,15,Paste the Wall,,Vacum,Good,Class A,,,No
"A,H",Tokiwa,Naturals,Exclusive Lines,Winds of the Asian Pacific,WND-259,WND-259,Master,WND-259,,"grasscloth, weave, woven, jute, sisal, arrowroot, hyacinth","https://s3.amazonaws.com/astek/WND/WND-258.jpg, https://s3.amazonaws.com/astek/WND/WND-258_scale.jpg",146.99,Roll,1,1,Textural,Orange,,Paper,36,8,,,,,Random,,15,Paste the Wall,,Vacum,Good,Class A,,,No
"A,H",Tokiwa,Naturals,Exclusive Lines,Winds of the Asian Pacific,WND-260,WND-260,Master,WND-260,,"grasscloth, weave, woven, jute, sisal, arrowroot, hyacinth","https://s3.amazonaws.com/astek/WND/WND-259.jpg, https://s3.amazonaws.com/astek/WND/WND-259_scale.jpg",146.99,Roll,1,1,Textural,Yellow,,Paper,36,8,,,,,Random,,15,Paste the Wall,,Vacum,Good,Class A,,,No
"A,H",Tokiwa,Naturals,Exclusive Lines,Winds of the Asian Pacific,WND-261,WND-261,Master,WND-261,,"grasscloth, weave, woven, jute, sisal, arrowroot, hyacinth","https://s3.amazonaws.com/astek/WND/WND-260.jpg, https://s3.amazonaws.com/astek/WND/WND-260_scale.jpg",110.99,Roll,1,1,Textural,Red,,Paper,36,8,,,,,Random,,15,Paste the Wall,,Vacum,Good,Class A,,,No
"A,H",Tokiwa,Naturals,Exclusive Lines,Winds of the Asian Pacific,WND-262,WND-262,Master,WND-262,,"grasscloth, weave, woven, jute, sisal, arrowroot, hyacinth","https://s3.amazonaws.com/astek/WND/WND-261.jpg, https://s3.amazonaws.com/astek/WND/WND-261_scale.jpg",88.99,Roll,1,1,Textural,Yellow,,Paper,36,8,,,,,Random,,15,Paste the Wall,,Vacum,Good,Class A,,,No
"A,H",Tokiwa,Naturals,Exclusive Lines,Winds of the Asian Pacific,WND-263,WND-263,Master,WND-263,,"grasscloth, weave, woven, jute, sisal, arrowroot, hyacinth","https://s3.amazonaws.com/astek/WND/WND-262.jpg, https://s3.amazonaws.com/astek/WND/WND-262_scale.jpg",314.99,Roll,1,1,Textural,Neutral,,Paper,36,8,,,,,Random,,15,Paste the Wall,,Vacum,Good,Class A,,,No
"A,H",Tokiwa,Naturals,Exclusive Lines,Winds of the Asian Pacific,WND-264,WND-264,Master,WND-264,,"grasscloth, weave, woven, jute, sisal, arrowroot, hyacinth","https://s3.amazonaws.com/astek/WND/WND-263.jpg, https://s3.amazonaws.com/astek/WND/WND-263_scale.jpg",314.99,Roll,1,1,Textural,Yellow,,Paper,36,8,,,,,Random,,15,Paste the Wall,,Vacum,Good,Class A,,,No
"A,H",Tokiwa,Naturals,Exclusive Lines,Winds of the Asian Pacific,WND-265,WND-265,Master,WND-265,,"grasscloth, weave, woven, jute, sisal, arrowroot, hyacinth","https://s3.amazonaws.com/astek/WND/WND-264.jpg, https://s3.amazonaws.com/astek/WND/WND-264_scale.jpg",314.99,Roll,1,1,Textural,Neutral,,Paper,36,8,,,,,Random,,15,Paste the Wall,,Vacum,Good,Class A,,,No
"A,H",Tokiwa,Naturals,Exclusive Lines,Winds of the Asian Pacific,WND-266,WND-266,Master,WND-266,,"grasscloth, weave, woven, jute, sisal, arrowroot, hyacinth","https://s3.amazonaws.com/astek/WND/WND-265.jpg, https://s3.amazonaws.com/astek/WND/WND-265_scale.jpg",314.99,Roll,1,1,Textural,Red,,Paper,36,8,,,,,Random,,15,Paste the Wall,,Vacum,Good,Class A,,,No
"A,H",Tokiwa,Naturals,Exclusive Lines,Winds of the Asian Pacific,WND-267,WND-267,Master,WND-267,,"mica, metallic, shine","https://s3.amazonaws.com/astek/WND/WND-266.jpg, https://s3.amazonaws.com/astek/WND/WND-266_scale.jpg",49.00,Roll,1,1,Textural,Black and White,,Paper,36,8,,,,,Random,,15,Paste the Wall,,Vacum,Good,Class A,,,No
"A,H",Tokiwa,Naturals,Exclusive Lines,Winds of the Asian Pacific,WND-268,WND-268,Master,WND-268,,"mica, metallic, shine","https://s3.amazonaws.com/astek/WND/WND-267.jpg, https://s3.amazonaws.com/astek/WND/WND-267_scale.jpg",49.00,Roll,1,1,Textural,Orange,,Paper,36,8,,,,,Random,,15,Paste the Wall,,Vacum,Good,Class A,,,No
"A,H",Tokiwa,Naturals,Exclusive Lines,Winds of the Asian Pacific,WND-269,WND-269,Master,WND-269,,"mica, metallic, shine","https://s3.amazonaws.com/astek/WND/WND-268.jpg, https://s3.amazonaws.com/astek/WND/WND-268_scale.jpg",49.00,Roll,1,1,Textural,Yellow,,Paper,36,8,,,,,Random,,15,Paste the Wall,,Vacum,Good,Class A,,,No
"A,H",Tokiwa,Naturals,Exclusive Lines,Winds of the Asian Pacific,WND-270,WND-270,Master,WND-270,,"mica, metallic, shine","https://s3.amazonaws.com/astek/WND/WND-269.jpg, https://s3.amazonaws.com/astek/WND/WND-269_scale.jpg",49.00,Roll,1,1,Textural,Black and White,,Paper,36,8,,,,,Random,,15,Paste the Wall,,Vacum,Good,Class A,,,No
,,,,,,,,,,,"https://s3.amazonaws.com/astek/WND/WND-270.jpg, https://s3.amazonaws.com/astek/WND/WND-270_scale.jpg",,,,,,,,,,,,,,,,,,,,,,,,,